year,country,suicides_no,population,HDI for year,gdp_per_capita ($),"Suicide rate per 100,000 population"
1985,Austria,2091,7110115,0.7639999999999999,0.9759,29.408807030547326
1985,Belgium,2281,9269600,0.774,0.9356,24.607318546647104
1985,Bulgaria,1456,8392500,0.686,0.2044,17.348823354185285
1985,France,12501,51382600,0.741,1.0765,24.32924764414413
1985,Greece,405,7859800,0.741,0.5156,5.152802870302043
1985,Iceland,32,131600,0.776,1.3357,24.316109422492403
1985,Ireland,276,2865900,0.7419999999999999,0.6638,9.63048257092013
1985,Italy,4759,54114700,0.738,0.8329,8.794283253903284
1985,Luxembourg,55,286000,0.752,1.3743,19.23076923076923
1985,Malta,2,45800,0.713,0.3639,4.366812227074235
1985,Netherlands,1638,13618300,0.799,1.0428,12.027933001916539
1985,Portugal,983,9313930,0.676,0.2912,10.554084044007203
1985,Spain,2514,35997000,0.725,0.5009,6.983915326277189
1985,United Kingdom,5105,53006535,0.753,0.9231,9.630887965040538
1986,Austria,2139,7119149,0.7639999999999999,1.3911,30.04572597089905
1986,Belgium,2202,9287100,0.774,1.2992,23.71030784636754
1986,Bulgaria,1408,8391500,0.686,0.2413,16.778883393910505
1986,France,12529,51637600,0.741,1.494,24.263327497792307
1986,Greece,393,7922600,0.741,0.604,4.960492767525812
1986,Iceland,37,201700,0.7759999999999999,1.7681,18.34407535944472
1986,Ireland,282,2875300,0.7419999999999999,0.8937,9.807672242896393
1986,Italy,4691,54267500,0.738,1.1762,8.644216151471875
1986,Luxembourg,51,276800,0.752,2.0004,18.424855491329478
1986,Malta,1,27700,0.713,0.4544,3.6101083032490977
1986,Netherlands,1604,13695500,0.799,1.4479,11.711876163703407
1986,Norway,579,3636600,0.631,2.0117,15.92146510476819
1986,Portugal,941,9349248,0.676,0.4145,10.064980627318903
1986,Spain,2755,36223000,0.725,0.6919,7.6056649090356965
1986,United Kingdom,4839,53119533,0.753,1.1323,9.109643339673186
1987,Austria,2069,7130006,0.7639999999999999,1.7415,29.01820839982463
1987,Belgium,2238,8691600,0.7739999999999999,1.6165,25.748999033549634
1987,Bulgaria,1492,8375400,0.686,0.3355,17.814074551663204
1987,Finland,1363,4304400,0.722,1.9861,31.665272744168757
1987,France,12161,51900800,0.741,1.7999,23.43123805413404
1987,Greece,410,9387400,0.741,0.6994,4.367556511920234
1987,Iceland,36,177500,0.776,2.4107,20.281690140845072
1987,Ireland,245,2871100,0.7419999999999999,1.0515,8.533314757410052
1987,Italy,4516,54424100,0.738,1.4756,8.297794543226255
1987,Luxembourg,74,307900,0.752,2.4654,24.033777200389736
1987,Malta,1,5300,0.713,0.5517,18.867924528301884
1987,Netherlands,1616,13777000,0.799,1.756,11.729694418233287
1987,Norway,649,3929500,0.631,2.398,16.516096195444714
1987,Portugal,960,9378989,0.676,0.5138,10.235644801374647
1987,Spain,2804,36425700,0.725,0.8727,7.697861674586898
1987,Sweden,1541,7414300,0.714,2.2813,20.784160338804742
1987,Ukraine,10050,47374200,0.6880000000000001,0.1353,21.214078549083677
1987,United Kingdom,4594,53239668,0.753,1.3996,8.62890429744979
1988,Austria,1851,7144410,0.7639999999999999,1.8663,25.908367520900953
1988,Belgium,1996,9319300,0.774,1.7509,21.417917654759478
1988,Bulgaria,1452,8389800,0.686,0.2688,17.30672960022885
1988,Finland,1402,4633600,0.722,2.3546,30.257251381215468
1988,France,11599,52157600,0.741,1.9534,22.23836986364403
1988,Greece,403,7996200,0.741,0.807,5.039893949626072
1988,Iceland,35,161100,0.776,2.6249,21.725636250775914
1988,Ireland,266,2540300,0.742,1.1696,10.471204188481675
1988,Italy,4381,54579700,0.738,1.6282,8.0267938445979
1988,Luxembourg,69,284500,0.752,2.7676,24.253075571177504
1988,Malta,9,126700,0.713,0.6295,7.103393843725335
1988,Netherlands,1523,13855700,0.799,1.8661,10.991866163384023
1988,Norway,708,3946600,0.631,2.582,17.939492221152385
1988,Portugal,819,9400481,0.676,0.5995,8.712320146171244
1988,Spain,2960,36597300,0.725,1.025,8.088028351818304
1988,Sweden,1590,7930900,0.714,2.5731,20.04816603411971
1988,Ukraine,9751,47549900,0.6880000000000001,0.1571,20.506878037598398
1988,United Kingdom,4971,53310780,0.753,1.7072,9.324568126746598
1989,Austria,1898,6740550,0.764,1.8544,28.157939634006127
1989,Belgium,1920,9349200,0.774,1.7659,20.536516493389808
1989,Bulgaria,1460,8403200,0.686,0.2617,17.374333587204877
1989,Finland,1413,4336200,0.722,2.5582,32.586135325861356
1989,France,11715,52417900,0.741,1.9558,22.349235661863602
1989,Greece,383,8828800,0.741,0.831,4.338075389633925
1989,Iceland,22,136200,0.776,2.4089,16.152716593245227
1989,Ireland,278,2537900,0.742,1.2188,10.953938295441112
1989,Italy,4342,54697200,0.738,1.6922,7.938249124269616
1989,Luxembourg,73,355400,0.7520000000000001,2.9239,20.540236353404612
1989,Malta,23,205900,0.713,0.6539,11.170471102476931
1989,Netherlands,1520,13929300,0.799,1.831,10.912249718219869
1989,Norway,660,3955800,0.631,2.5945,16.68436220233581
1989,Portugal,747,9415270,0.676,0.6436,7.933920110628797
1989,Romania,2529,21344500,0.85,0.1973,11.848485558340556
1989,Russia,37921,135443800,0.793,0.374,27.997590144399375
1989,Spain,2987,36740400,0.725,1.1258,8.13001491546091
1989,Sweden,1579,7459000,0.714,2.6978,21.169057514412117
1989,Ukraine,10887,47761700,0.6880000000000001,0.1732,22.794414771668514
1989,United Kingdom,4361,53425129,0.753,1.7349,8.162825400009798
1990,Armenia,93,2333200,0.632,0.0756,3.9859420538316477
1990,Austria,1825,7231353,0.794,2.302,25.237324190922497
1990,Azerbaijan,114,5443400,0.8849999999999999,0.1439,2.0942793107249145
1990,Belarus,2085,9408800,0.7799999999999999,0.2301,22.16010543321146
1990,Belgium,1895,8779700,0.8059999999999999,2.2032,21.583880998211786
1990,Bulgaria,1323,8418500,0.695,0.2451,15.715388727207934
1990,Czech Republic,1997,9710900,0.761,0.4168,20.564520281333348
1990,Finland,1512,4356300,0.7829999999999999,3.0271,34.708353419186004
1990,France,11403,52952900,0.779,2.3968,21.53423136409904
1990,Georgia,196,4113400,0.8880000000000001,0.1555,4.76491466913016
1990,Germany,13924,74958800,0.801,2.3546,18.575537495264065
1990,Greece,349,8928000,0.759,1.0179,3.90905017921147
1990,Iceland,40,161000,0.8020000000000002,2.7316,24.84472049689441
1990,Ireland,334,2893700,0.77,1.5312,11.542316065936344
1990,Italy,4402,54831700,0.766,2.1472,8.028202663787555
1990,Luxembourg,68,291100,0.779,3.6871,23.359670216420476
1990,Malta,8,126600,0.729,0.778,6.3191153238546605
1990,Netherlands,1450,14014300,0.8290000000000001,2.2425,10.346574570260376
1990,Norway,659,3706200,0.8490000000000001,3.024,17.78101559548864
1990,Poland,4970,35164800,0.713,0.1876,14.133451633451633
1990,Portugal,870,8699763,0.71,0.8356,10.000272421214234
1990,Romania,2079,21401900,0.703,0.1822,9.714090805021984
1990,Russia,39028,136398200,0.793,0.3789,28.61328082042138
1990,Spain,2939,36861400,0.7559999999999999,1.4517,7.973110082633866
1990,Sweden,1471,8005700,0.815,3.2246,18.37440823413318
1990,Ukraine,10645,47971600,0.705,0.1698,22.190212542420934
1990,United Kingdom,4643,50111989,0.773,2.0411,9.265247883096398
1991,Armenia,80,2228700,0.632,0.064,3.5895365010992957
1991,Austria,1769,6857954,0.794,2.3808,25.794865349053087
1991,Azerbaijan,134,5519500,0.8849999999999999,0.1398,2.42775613733128
1991,Belarus,2169,9476200,0.7799999999999999,0.1899,22.888921719676663
1991,Belgium,1805,9396600,0.806,2.2523,19.209075623097714
1991,Bulgaria,1384,8431900,0.695,0.1298,16.41385690057994
1991,Czech Republic,1904,9667500,0.761,0.307,19.69485389190587
1991,Finland,1493,4380800,0.7829999999999999,2.7214,34.08053323593864
1991,France,11502,53282900,0.779,2.3821,21.586662888093553
1991,Georgia,174,4574100,0.888,0.1267,3.8040270217091887
1991,Germany,14010,75495900,0.801,2.4662,18.557299138098887
1991,Greece,381,9036318,0.759,1.0816,4.216319080404209
1991,Hungary,3993,9757766,0.634,0.3561,40.921251852114516
1991,Iceland,37,186300,0.802,2.8857,19.860440150295222
1991,Ireland,345,2585300,0.77,1.5328,13.344679534290025
1991,Italy,4453,54465500,0.766,2.2805,8.175817719473795
1991,Luxembourg,77,295000,0.779,3.9465,26.101694915254235
1991,Malta,10,152700,0.729,0.8313,6.5487884741322855
1991,Netherlands,1611,13236500,0.829,2.2906,12.170891096588978
1991,Norway,675,3972600,0.8489999999999999,3.0678,16.99139102854554
1991,Poland,5316,35396300,0.713,0.2416,15.01851888474219
1991,Portugal,942,9410507,0.71,0.9483,10.010087660526686
1991,Romania,2161,21458000,0.703,0.1351,10.070836051822164
1991,Russia,39281,137283000,0.793,0.3773,28.613156763765357
1991,Spain,2916,36958100,0.7559999999999999,1.5574,7.890015991081793
1991,Sweden,1483,8041100,0.815,3.3623,18.442750369974256
1991,Ukraine,10700,48200600,0.705,0.1607,22.198893789703863
1991,United Kingdom,4547,53903427,0.773,2.1201,8.43545624659449
1992,Armenia,83,2234300,0.632,0.0385,3.7148100076086465
1992,Austria,1759,7375368,0.794,2.645,23.849657400145997
1992,Azerbaijan,144,4839300,0.885,0.0784,2.9756369722893807
1992,Belarus,2424,9570900,0.7799999999999999,0.178,25.326771776948874
1992,Belgium,1878,8838700,0.8059999999999999,2.5036,21.247468519126116
1992,Bulgaria,1519,8041500,0.695,0.1287,18.889510663433438
1992,Czech Republic,1991,8971600,0.761,0.3573,22.192251103482096
1992,Finland,1451,4720900,0.783,2.3857,30.73566480967612
1992,France,11644,53622300,0.779,2.6136,21.71484624866893
1992,Georgia,204,4127050,0.8880000000000001,0.074,4.942998025223829
1992,Germany,13458,76131700,0.801,2.7888,17.677261902729086
1992,Greece,351,9160631,0.759,1.1818,3.8316137829370054
1992,Hungary,4000,9754956,0.634,0.397,41.00479797141064
1992,Iceland,28,163800,0.8020000000000002,2.9311,17.094017094017094
1992,Ireland,362,2961700,0.77,1.7051,12.222709930107708
1992,Italy,4543,54154898,0.766,2.4297,8.388899559925308
1992,Luxembourg,59,322600,0.779,4.374,18.288902665840048
1992,Malta,18,218600,0.729,0.904,8.234217749313816
1992,Netherlands,1587,14216900,0.8290000000000001,2.5205,11.16277106823569
1992,Norway,616,3989800,0.8489999999999999,3.2793,15.43937039450599
1992,Poland,5713,35605400,0.713,0.265,16.045318968471076
1992,Portugal,866,8742460,0.71,1.1445,9.905678722007307
1992,Romania,2650,21227100,0.703,0.1183,12.484041626034646
1992,Russia,45923,138118900,0.793,0.3333,33.24888918171228
1992,Slovakia,796,4909228,0.912,0.3143,16.214362013742285
1992,Spain,2786,37000900,0.7559999999999999,1.7005,7.529546578596737
1992,Sweden,1355,7587900,0.815,3.4721,17.85737819423029
1992,Ukraine,11666,48487300,0.705,0.1525,24.05990847087794
1992,United Kingdom,4628,50531514,0.773,2.1815,9.15864108089063
1993,Armenia,106,2620100,0.632,0.0357,4.0456471127056215
1993,Austria,1704,7433569,0.794,2.5611,22.92304006325898
1993,Azerbaijan,119,6442600,0.8850000000000001,0.0617,1.8470803712786765
1993,Belarus,2885,9641100,0.7799999999999999,0.1689,29.92397133107218
1993,Belgium,2142,9462900,0.806,2.3875,22.635767048156485
1993,Bulgaria,1470,8001000,0.695,0.1354,18.372703412073488
1993,Czech Republic,1917,9015800,0.761,0.4186,21.262672197697373
1993,Finland,1397,4741000,0.783,1.8826,29.466357308584687
1993,France,12251,53945400,0.779,2.4521,22.7099993697331
1993,Germany,12690,76793400,0.801,2.6937,16.524857604950427
1993,Greece,412,9930405,0.759,1.0957,4.148874089223954
1993,Hungary,3694,9747902,0.634,0.4116,37.89533378566998
1993,Iceland,26,165300,0.8020000000000002,2.5474,15.728977616454932
1993,Ireland,326,2988600,0.77,1.5872,10.90811751321689
1993,Italy,4697,54140523,0.766,1.9605,8.675571900182788
1993,Luxembourg,64,302600,0.779,4.432,21.150033046926637
1993,Malta,16,242500,0.729,0.8022,6.5979381443298974
1993,Netherlands,1555,14313600,0.8290000000000001,2.4385,10.863793874357254
1993,Norway,590,4010500,0.8489999999999999,3.0066,14.71138262062087
1993,Poland,5624,35792600,0.713,0.2683,15.71274509256103
1993,Portugal,780,9410082,0.71,1.0098,8.28898196636331
1993,Romania,2774,21307600,0.703,0.1237,13.018828962435938
1993,Russia,55846,137692800,0.793,0.316,40.558402472750934
1993,Slovakia,738,4522975,0.912,0.3334,16.3166942112216
1993,Spain,3037,37122100,0.7559999999999999,1.4106,8.181110443644082
1993,Sweden,1373,7618300,0.815,2.588,18.02239344735702
1993,Ukraine,12469,48680500,0.705,0.1349,25.613952198518913
1993,United Kingdom,4462,54283982,0.773,1.9553,8.219735980311834
1994,Armenia,112,3402500,0.632,0.0387,3.2916972814107273
1994,Austria,1776,7462552,0.794,2.7274,23.79882914048706
1994,Azerbaijan,47,4932000,0.885,0.0508,0.9529602595296026
1994,Belarus,3153,9653900,0.7799999999999999,0.1547,32.66037559949864
1994,Belgium,2131,9497400,0.806,2.5922,22.437719796997072
1994,Bulgaria,1464,7995500,0.695,0.1213,18.310299543493215
1994,Czech Republic,1872,9723700,0.761,0.4891,19.251930849368037
1994,Denmark,999,4600000,0.87,3.2034,21.717391304347824
1994,Finland,1387,4761600,0.783,2.1699,29.128864247311828
1994,France,12041,54247100,0.779,2.5697,22.19657825026591
1994,Georgia,123,3748850,0.8880000000000001,0.0556,3.2810061752270694
1994,Germany,12718,77163400,0.801,2.8588,16.48190722544626
1994,Greece,355,9370763,0.759,1.1638,3.7883788118427497
1994,Hungary,3625,9740817,0.634,0.4431,37.214537548544435
1994,Iceland,25,141600,0.8020000000000002,2.5937,17.65536723163842
1994,Ireland,394,3015800,0.77,1.7188,13.064526825386297
1994,Italy,4536,54143049,0.766,2.0235,8.377806724552952
1994,Luxembourg,74,330200,0.779,4.861,22.410660205935798
1994,Malta,15,174400,0.729,0.8775,8.600917431192661
1994,Netherlands,1584,14397700,0.8290000000000001,2.5997,11.001757225112344
1994,Norway,531,4033300,0.8489999999999999,3.152,13.165398061141001
1994,Poland,5519,35960000,0.713,0.3081,15.347608453837596
1994,Portugal,762,8819699,0.71,1.0566,8.639750630945569
1994,Romania,2887,21386000,0.703,0.1406,13.499485644814365
1994,Russia,61420,138476200,0.793,0.2853,44.35419227275156
1994,Slovakia,691,4974858,0.912,0.4036,13.88984369001085
1994,Spain,3171,37203100,0.7559999999999999,1.4223,8.523483258115588
1994,Sweden,1324,7639300,0.815,2.7658,17.331430890264816
1994,Ukraine,13826,48619000,0.705,0.1081,28.43744215224501
1994,United Kingdom,4380,54497293,0.773,2.0927,8.037096448074953
1995,Albania,88,2903400,0.619,0.0835,3.03092925535579
1995,Armenia,130,3073500,0.605,0.0426,4.229705547421506
1995,Austria,1788,7016085,0.815,3.2237,25.484297866972817
1995,Azerbaijan,49,3902100,0.609,0.0462,1.2557340918992337
1995,Belarus,3203,9673600,0.7799999999999999,0.1444,33.11073436983129
1995,Belgium,2155,9527100,0.851,3.0394,22.61968489886744
1995,Bulgaria,1433,7983900,0.6960000000000001,0.1636,17.948621600971954
1995,Croatia,929,4497400,0.694,0.4978,20.65637924133944
1995,Czech Republic,1733,9744300,0.785,0.6134,17.78475621645475
1995,Denmark,924,4611600,0.83,3.7841,20.036429872495447
1995,Estonia,594,1250437,0.719,0.3224,47.50339281387227
1995,Finland,1388,4465800,0.815,2.8068,31.080657440996013
1995,France,11819,54528500,0.8249999999999998,2.9363,21.67490394931091
1995,Georgia,138,4044750,0.888,0.0611,3.4118301501946964
1995,Germany,12888,77547500,0.83,3.342,16.619491279538348
1995,Greece,370,8786858,0.772,1.355,4.210833952250053
1995,Hungary,3366,9109659,0.7400000000000001,0.4767,36.949791424684506
1995,Iceland,27,176500,0.826,2.868,15.29745042492918
1995,Ireland,403,3345900,0.803,2.0689,12.044591888580053
1995,Italy,4569,54141172,0.799,2.1625,8.43904893673155
1995,Latvia,1024,2374700,0.67,0.2438,43.12123636669895
1995,Lithuania,1694,3387149,0.701,0.2324,50.01256218725541
1995,Luxembourg,63,334100,0.805,5.6499,18.856629751571386
1995,Malta,17,248300,0.741,0.9974,6.84655658477648
1995,Netherlands,1511,14474000,0.8610000000000001,3.085,10.43940859472157
1995,Norway,548,4055900,0.883,3.7483,13.51118124214108
1995,Poland,5499,36104900,0.7399999999999999,0.3937,15.230619666582653
1995,Portugal,809,9473844,0.759,1.2469,8.53930041491078
1995,Romania,2793,21451300,0.69,0.1756,13.020189918559714
1995,Russia,60548,139087100,0.793,0.2844,43.53243399280019
1995,Slovakia,735,5005232,0.75,0.5141,14.684633998983463
1995,Slovenia,564,1884000,0.782,1.1291,29.936305732484076
1995,Spain,3157,37275300,0.803,1.6444,8.469415403766032
1995,Sweden,1348,8233000,0.856,3.2072,16.373132515486457
1995,Switzerland,1419,6219100,0.846,5.1774,22.81680629029924
1995,Ukraine,14541,48415300,0.662,0.0996,30.03389424417488
1995,United Kingdom,4315,54746964,0.8370000000000001,2.4389,7.881715596137897
1996,Albania,89,2940200,0.619,0.1127,3.0270049656485956
1996,Armenia,87,3435200,0.605,0.0458,2.532603632976246
1996,Austria,1779,7031995,0.815,3.166,25.298652800521047
1996,Azerbaijan,69,5033500,0.609,0.0476,1.370815535909407
1996,Belarus,3627,9684800,0.7799999999999999,0.1524,37.4504377994383
1996,Belgium,2013,9557545,0.851,2.9438,21.06189403241104
1996,Bulgaria,1526,7963300,0.6960000000000001,0.127,19.162909848931974
1996,Croatia,1001,4220800,0.694,0.561,23.715883244882487
1996,Czech Republic,1568,9763900,0.785,0.6861,16.05915668943762
1996,Denmark,892,4632800,0.83,3.8158,19.254014850630288
1996,Estonia,545,1237966,0.719,0.3536,44.02382617939427
1996,Finland,1247,4802200,0.815,2.7508,25.967265003540042
1996,France,11279,54791600,0.8249999999999998,2.9305,20.585272195007995
1996,Georgia,162,3955000,0.888,0.0718,4.096080910240202
1996,Germany,12225,77882500,0.83,3.2147,15.696722627034314
1996,Greece,356,8891594,0.772,1.433,4.003781549180046
1996,Hungary,3436,9737250,0.7399999999999999,0.4792,35.28717040232098
1996,Iceland,33,205300,0.826,2.974,16.07403799318071
1996,Ireland,408,3079500,0.803,2.2478,13.248904042864103
1996,Italy,4689,54150332,0.799,2.4172,8.659226687659089
1996,Latvia,922,2180600,0.67,0.2526,42.281940750252225
1996,Lithuania,1722,3375163,0.701,0.2484,51.019758156865315
1996,Luxembourg,72,338600,0.805,5.6169,21.2640283520378
1996,Malta,10,167500,0.741,1.0254,5.970149253731344
1996,Netherlands,1577,14553700,0.8610000000000001,3.0625,10.835732494142382
1996,Norway,517,4078000,0.883,4.0098,12.677783227072094
1996,Poland,5446,36243300,0.7399999999999999,0.4413,15.026225536857845
1996,Portugal,653,8900283,0.759,1.2887,7.3368453564903495
1996,Romania,2828,21397300,0.69,0.1738,13.216620788604171
1996,Russia,57511,139272600,0.793,0.2813,41.29383669149567
1996,Slovakia,672,5032436,0.75,0.5529,13.353373992237556
1996,Slovenia,607,1893100,0.782,1.1346,32.06381068089377
1996,Spain,3320,37341200,0.803,1.7166,8.890983685580538
1996,Sweden,1253,8274300,0.856,3.4819,15.143274959815331
1996,Switzerland,1432,6249100,0.846,4.9621,22.915299803171656
1996,Ukraine,15160,48174500,0.662,0.0925,31.468930658335843
1996,United Kingdom,4165,51314981,0.8369999999999999,2.5609,8.116538131427935
1997,Albania,170,2790300,0.619,0.0793,6.092534852883203
1997,Armenia,77,2839400,0.605,0.0465,2.711840529689371
1997,Austria,1592,7512589,0.815,2.8325,21.19109670447831
1997,Azerbaijan,107,4933500,0.609,0.059,2.1688456471065165
1997,Belarus,3526,9692100,0.7799999999999999,0.1458,36.380144653893375
1997,Belgium,2146,8982600,0.8510000000000001,2.6609,23.890633001580834
1997,Bulgaria,1465,7933900,0.6960000000000001,0.1411,18.46506762122033
1997,Croatia,946,4295100,0.694,0.5546,22.025098367907617
1997,Czech Republic,1666,9786700,0.785,0.6314,17.023102782347472
1997,Denmark,817,4646300,0.83,3.5148,17.583883950670426
1997,Estonia,522,1229521,0.719,0.3806,42.45555789612377
1997,Finland,1322,4823200,0.815,2.6296,27.409188920218945
1997,France,11139,55045500,0.8249999999999998,2.6394,20.2359865929095
1997,Georgia,176,3893450,0.888,0.0828,4.520412487639497
1997,Germany,12256,78067900,0.83,2.842,15.699154197820102
1997,Greece,374,9642400,0.7720000000000001,1.3968,3.8787023977433
1997,Hungary,3208,9737781,0.7399999999999999,0.4856,32.943850349479
1997,Iceland,33,198505,0.826,3.0326,16.62426639127478
1997,Ireland,466,3124101,0.803,2.4259,14.916291118629006
1997,Italy,4694,54181477,0.799,2.2869,8.66347737253453
1997,Latvia,886,2354700,0.67,0.2771,37.62687391175097
1997,Lithuania,1632,3364273,0.701,0.3008,48.50973746779765
1997,Luxembourg,81,342500,0.805,5.026,23.649635036496353
1997,Malta,15,200500,0.741,1.0575,7.481296758104738
1997,Netherlands,1572,13710700,0.861,2.8156,11.465497749932535
1997,Norway,533,3826800,0.8830000000000001,3.9335,13.928086129403157
1997,Portugal,628,9564579,0.759,1.2237,6.565892759106282
1997,Romania,2859,21369000,0.69,0.1677,13.379194159764143
1997,Russia,54746,139283200,0.793,0.2907,39.305530028029224
1997,Slovakia,630,4654973,0.75,0.5468,13.533913086069457
1997,Slovenia,593,1883900,0.782,1.1014,31.47725463134986
1997,Spain,3373,37405000,0.803,1.5738,9.017511027937442
1997,Sweden,1201,8311300,0.856,3.1821,14.450206345577708
1997,Switzerland,1341,6675200,0.846,4.2923,20.089285714285715
1997,Ukraine,14903,47923000,0.662,0.1046,31.097802725205018
1997,United Kingdom,4143,55266635,0.8370000000000001,2.8091,7.496385477422319
1998,Albania,154,2970400,0.619,0.0899,5.184486937786157
1998,Armenia,66,2852000,0.605,0.0532,2.314165497896213
1998,Austria,1559,7533519,0.815,2.8972,20.694180236354352
1998,Azerbaijan,56,5453000,0.609,0.0631,1.0269576379974326
1998,Belarus,3556,9694800,0.7799999999999999,0.157,36.67945702851013
1998,Belgium,2019,9620997,0.851,2.7087,20.98535110238575
1998,Bulgaria,1503,7899500,0.6960000000000001,0.1852,19.02652066586493
1998,Croatia,1029,4227900,0.694,0.6015,24.338323990633647
1998,Czech Republic,1613,9808300,0.785,0.6779,16.445255548871874
1998,Denmark,763,4657000,0.83,3.571,16.3839381576122
1998,Estonia,477,1321719,0.719,0.425,36.08936544000654
1998,Finland,1228,4844673,0.815,2.7646,25.347427989463895
1998,France,10534,55280700,0.8249999999999998,2.719,19.05547505729848
1998,Georgia,148,3511350,0.8880000000000001,0.0858,4.214903099947313
1998,Germany,11654,78071100,0.83,2.8733,14.927418724726564
1998,Greece,403,9676312,0.7720000000000001,1.4008,4.164809898647336
1998,Hungary,3245,9124831,0.7400000000000001,0.501,35.56230246894436
1998,Iceland,30,189443,0.826,3.3513,15.83589786901601
1998,Ireland,498,3449415,0.803,2.6115,14.437230660851188
1998,Italy,4504,54250592,0.799,2.3342,8.30221355003831
1998,Latvia,839,2344100,0.67,0.3061,35.791988396399475
1998,Lithuania,1553,3350973,0.701,0.3354,46.344748226858286
1998,Luxembourg,64,371485,0.805,5.0788,17.22815187692639
1998,Malta,12,166700,0.741,1.1103,7.198560287942412
1998,Netherlands,1519,14734600,0.8610000000000001,2.9351,10.309068451128637
1998,Norway,548,3849300,0.8830000000000001,3.7334,14.236354661886576
1998,Portugal,556,9049143,0.759,1.2892,6.144228243492229
1998,Romania,2838,19803000,0.69,0.1967,14.331161945159826
1998,Russia,51518,139122100,0.793,0.1948,37.030780875216806
1998,Serbia,1460,7179002,0.7200000000000001,0.2547,20.3370886371114
1998,Slovakia,673,4685600,0.75,0.5871,14.363155198907291
1998,Slovenia,612,1880300,0.782,1.1767,32.54799765994788
1998,Spain,3261,37458900,0.803,1.6473,8.705541273235466
1998,Sweden,1231,8346300,0.856,3.1966,14.749050477457075
1998,Switzerland,1371,6725167,0.846,4.3872,20.386110857916243
1998,Ukraine,14789,47675400,0.662,0.0879,31.020190706318143
1998,United Kingdom,4389,55527379,0.8370000000000001,2.9508,7.904208840831474
1999,Albania,139,2638400,0.619,0.1127,5.268344451182535
1999,Armenia,67,2494800,0.605,0.0515,2.685586018919352
1999,Austria,1555,7561609,0.815,2.8722,20.56440633203859
1999,Azerbaijan,54,5225600,0.609,0.0645,1.0333741579914268
1999,Belarus,3397,9563200,0.7799999999999999,0.1269,35.52158273381295
1999,Belgium,1857,9648277,0.851,2.6969,19.246959845783863
1999,Bulgaria,1307,7866600,0.6960000000000001,0.1715,16.6145475809117
1999,Croatia,989,4283800,0.694,0.5459,23.086978850553248
1999,Cyprus,1,63504,0.769,1.2389,1.5747039556563367
1999,Czech Republic,1610,9202320,0.785,0.6606,17.495588069095618
1999,Denmark,762,4668797,0.83,3.5763,16.32112083690938
1999,Estonia,468,1218943,0.719,0.4361,38.39391997821063
1999,Finland,1207,4864255,0.815,2.78,24.813666224324177
1999,France,10268,55043393,0.8249999999999998,2.7118,18.654373286908385
1999,Georgia,189,3498150,0.8880000000000001,0.0669,5.402855795206038
1999,Germany,11160,78141200,0.83,2.8154,14.281838517964914
1999,Greece,381,9169395,0.772,1.3756,4.15512691949687
1999,Hungary,3326,9553064,0.7399999999999999,0.5147,34.816054828063535
1999,Iceland,31,204171,0.826,3.4858,15.183351210504922
1999,Ireland,424,3481871,0.803,2.8344,12.177360964837582
1999,Italy,4115,54280527,0.799,2.3002,7.58098756115614
1999,Latvia,763,2165300,0.67,0.3228,35.2376114164319
1999,Lithuania,1550,3333452,0.701,0.3292,46.498344658930144
1999,Luxembourg,70,352715,0.805,5.5054,19.84605134456998
1999,Malta,27,277700,0.741,1.1607,9.722722362261432
1999,Netherlands,1519,14832000,0.8610000000000001,2.9799,10.241370010787486
1999,Norway,583,4159745,0.883,3.9013,14.015282186768662
1999,Poland,5779,36575200,0.7399999999999999,0.464,15.800323716616726
1999,Portugal,545,9671357,0.759,1.318,5.6351967981328785
1999,Romania,2736,21310800,0.69,0.1698,12.83856072977082
1999,Russia,56974,138717800,0.793,0.1412,41.071873977240124
1999,San Marino,2,6540,0.72,4.8255,30.58103975535168
1999,Serbia,1571,7162831,0.7200000000000001,0.257,21.93266880092522
1999,Slovakia,692,4712400,0.75,0.5966,14.684661743485274
1999,Slovenia,590,1772300,0.782,1.2041,33.290075043728486
1999,Spain,3220,35796416,0.803,1.6756,8.995313944278667
1999,Sweden,1220,7811493,0.856,3.2328,15.61801309941646
1999,Switzerland,1296,6764328,0.846,4.2859,19.15933112646223
1999,Ukraine,14363,47415400,0.662,0.0666,30.29184610907005
1999,United Kingdom,4448,55833339,0.8370000000000001,2.9832,7.966566355632072
2000,Albania,54,2303600,0.656,0.1299,2.344156971696475
2000,Armenia,61,2589200,0.648,0.053,2.3559400587053916
2000,Austria,1588,7592073,0.836,2.5922,20.91655335769295
2000,Azerbaijan,62,6487200,0.64,0.0711,0.9557282032309778
2000,Belarus,3483,9543479,0.6830000000000002,0.1335,36.49612473606323
2000,Belgium,2143,9674025,0.874,2.4592,22.152103183524954
2000,Bulgaria,1383,7369359,0.713,0.168,18.76689682236949
2000,Croatia,926,3822800,0.7490000000000001,0.5288,24.223082557287853
2000,Cyprus,7,199280,0.8,1.1635,3.5126455238859897
2000,Czech Republic,1649,9819742,0.8210000000000001,0.6278,16.792701885650356
2000,Denmark,728,4682672,0.862,3.2841,15.546679331800306
2000,Estonia,377,1239210,0.78,0.4262,30.422607951840288
2000,Finland,1165,4552539,0.857,2.5716,25.59011575738286
2000,France,10849,55267624,0.848,2.4648,19.62993741145811
2000,Georgia,130,3138700,0.672,0.0734,4.141842163953229
2000,Germany,11073,78242066,0.855,2.4922,14.152233659065187
2000,Greece,382,9844550,0.7989999999999999,1.2509,3.8803195676795794
2000,Hungary,3269,9527034,0.769,0.4966,34.31288268730856
2000,Iceland,50,180994,0.859,3.4372,27.625225145584935
2000,Ireland,463,3249472,0.861,2.834,14.248468674295394
2000,Italy,4108,54298946,0.8290000000000001,2.1027,7.565524384211804
2000,Latvia,770,2272107,0.727,0.3494,33.88924905385178
2000,Lithuania,1631,3063726,0.754,0.3481,53.235831141557696
2000,Luxembourg,62,355545,0.851,5.1841,17.438017691150208
2000,Malta,23,268601,0.766,1.1873,8.562886958723162
2000,Netherlands,1501,13970665,0.877,2.7644,10.74394096487175
2000,Norway,541,3877848,0.9169999999999999,4.1099,13.95103676059505
2000,Poland,5841,36233344,0.786,0.4744,16.12051043370438
2000,Portugal,524,8604831,0.782,1.2152,6.089602457038377
2000,Romania,2836,21290400,0.706,0.1758,13.320557622214707
2000,Russia,56619,138205695,0.793,0.1879,40.967197480537976
2000,San Marino,1,2116,0.72,4.3435,47.25897920604915
2000,Serbia,1543,7149140,0.71,0.0915,21.583015579496276
2000,Slovakia,729,5111813,0.763,0.5696,14.26108505925393
2000,Slovenia,588,1777747,0.824,1.0783,33.075572620851
2000,Spain,3394,38319996,0.827,1.5538,8.856994661481698
2000,Sweden,1131,8409008,0.8969999999999999,3.0896,13.449862338102186
2000,Switzerland,1380,6809589,0.888,3.9952,20.26554025507266
2000,Ukraine,14467,47125400,0.668,0.0663,30.698943669443654
2000,United Kingdom,4290,56133909,0.8649999999999999,2.9358,7.642439438878201
2001,Albania,119,2799349,0.656,0.1451,4.250988354792489
2001,Armenia,60,2944541,0.648,0.0587,2.0376690288910906
2001,Austria,1489,7634560,0.836,2.5848,19.503416044932518
2001,Azerbaijan,317,7518000,0.64,0.0759,4.216546953977121
2001,Belarus,3303,9513587,0.6830000000000002,0.1299,34.71876590816902
2001,Belgium,2165,9710055,0.874,2.4494,22.296475148698953
2001,Bulgaria,1314,7591926,0.713,0.1854,17.30786100918265
2001,Croatia,881,4180633,0.749,0.5571,21.07336377051035
2001,Czech Republic,1623,9838083,0.8210000000000001,0.6863,16.497116358949196
2001,Denmark,727,4696167,0.862,3.2837,15.480710119550688
2001,Estonia,401,1240750,0.78,0.4711,32.31916179730002
2001,Finland,1204,4898983,0.8569999999999999,2.6383,24.576529455195086
2001,France,10449,55511272,0.848,2.4796,18.82320405124206
2001,Georgia,100,3453400,0.672,0.0777,2.89569699426652
2001,Germany,11167,78421514,0.855,2.4874,14.239714882321707
2001,Greece,334,10441529,0.799,1.3043,3.198765238309447
2001,Hungary,2978,9704598,0.769,0.5546,30.686484901280814
2001,Iceland,36,189338,0.859,3.085,19.013615861580877
2001,Ireland,488,3304162,0.861,3.0536,14.769251628703437
2001,Italy,4030,54333844,0.8290000000000001,2.1392,7.417108202394073
2001,Latvia,708,2093727,0.727,0.3724,33.81529683669361
2001,Lithuania,1533,3294138,0.754,0.3719,46.537212466508684
2001,Luxembourg,73,292828,0.851,5.1391,24.92931003865751
2001,Malta,30,308505,0.766,1.1691,9.724315651286041
2001,Netherlands,1474,15038337,0.8770000000000001,2.8366,9.80161569726759
2001,Norway,549,3609394,0.917,4.1281,15.210309542266652
2001,Poland,5855,36295390,0.786,0.5249,16.131525243288472
2001,Portugal,761,9809536,0.782,1.2391,7.757757349583099
2001,Romania,2720,21272887,0.706,0.1914,12.786228780324926
2001,Russia,56958,137521509,0.793,0.2229,41.41752109482743
2001,Serbia,1442,6724696,0.71,0.1718,21.44334851716717
2001,Slovakia,692,4735718,0.763,0.602,14.612356563460915
2001,Slovenia,581,1794443,0.824,1.0979,32.37773504090127
2001,Spain,3189,38713504,0.827,1.6169,8.237435702022735
2001,Sweden,1197,8439317,0.8969999999999999,2.8429,14.18361225203414
2001,Switzerland,1338,6865842,0.888,4.0582,19.48777731849932
2001,Ukraine,13131,46805969,0.668,0.0812,28.05411420923686
2001,United Kingdom,4128,55571993,0.8649999999999999,2.9179,7.4282021881057965
2002,Albania,133,2818839,0.656,0.1573,4.718254572183796
2002,Armenia,74,2736101,0.648,0.0788,2.7045785225033723
2002,Austria,1553,7683162,0.836,2.7772,20.213032082364006
2002,Azerbaijan,92,6769400,0.64,0.082,1.3590569326675923
2002,Belarus,3291,9469234,0.6830000000000002,0.1541,34.75465914138356
2002,Belgium,2076,9758570,0.874,2.6526,21.273608735706155
2002,Bulgaria,1317,7544410,0.713,0.2157,17.45663345443845
2002,Croatia,874,3700100,0.749,0.6373,23.62098321666982
2002,Czech Republic,1534,9752463,0.8210000000000001,0.8399,15.729359855043798
2002,Denmark,688,4365599,0.8619999999999999,3.5435,15.759578467926165
2002,Estonia,371,1316690,0.7799999999999999,0.5561,28.176715855668384
2002,Finland,1095,4600002,0.857,2.839,23.80433747637501
2002,France,10643,55935517,0.848,2.6714,19.02726670069037
2002,Germany,11176,78633771,0.855,2.6441,14.212722927913504
2002,Greece,323,9369733,0.799,1.4676,3.447270055614178
2002,Hungary,2839,9680164,0.769,0.6995,29.32801551709248
2002,Iceland,30,215019,0.859,3.4556,13.952255382082514
2002,Ireland,449,3639573,0.8610000000000001,3.5154,12.336612014651168
2002,Italy,4069,54526842,0.8290000000000001,2.3227,7.462379721165587
2002,Latvia,670,2076167,0.727,0.4311,32.27100710106653
2002,Lithuania,1551,3274488,0.754,0.436,47.36618365985766
2002,Luxembourg,85,328100,0.851,5.6484,25.906735751295336
2002,Malta,19,254004,0.766,1.2524,7.4801971622494134
2002,Netherlands,1570,15130318,0.8770000000000001,3.0757,10.376516871621602
2002,Norway,494,3945117,0.9169999999999999,4.6049,12.521808605422857
2002,Poland,5925,36347498,0.786,0.5466,16.300984458407566
2002,Portugal,1210,9859832,0.782,1.3614,12.272014371035937
2002,Romania,3067,20700580,0.706,0.2231,14.816009986193622
2002,Russia,55024,136590900,0.793,0.2527,40.283796358322554
2002,Serbia,1446,6727555,0.71,0.2258,21.49369273086582
2002,Slovakia,717,4755763,0.763,0.6869,15.076445146656802
2002,Slovenia,540,1796641,0.824,1.2362,30.05608799977291
2002,Spain,3372,39340611,0.827,1.7924,8.571295448359965
2002,Sweden,1180,8465828,0.8969999999999999,3.1175,13.938388542739116
2002,Switzerland,1446,6505984,0.888,4.3419,22.225692531675456
2002,Ukraine,12536,46060017,0.668,0.092,27.216663858374172
2002,United Kingdom,4117,55908944,0.8649999999999999,3.163,7.363759186723327
2003,Albania,124,2545452,0.656,0.2021,4.871433442862014
2003,Armenia,59,2232033,0.648,0.0928,2.643330094133913
2003,Austria,1456,7264691,0.836,3.3889,20.04214632115805
2003,Azerbaijan,129,7674400,0.64,0.0948,1.680913165850099
2003,Belarus,3456,9420691,0.6830000000000002,0.1892,36.68520706177498
2003,Belgium,2091,9804122,0.874,3.2538,21.32776397519329
2003,Bulgaria,1092,7493166,0.713,0.28,14.57327917198151
2003,Croatia,865,4225600,0.749,0.8202,20.470465732677017
2003,Czech Republic,1719,9748550,0.8210000000000001,1.022,17.63339163260177
2003,Denmark,633,4373056,0.8619999999999999,4.3129,14.475003292891746
2003,Estonia,342,1307160,0.7799999999999999,0.7523,26.163591297163315
2003,Finland,1075,4929856,0.8569999999999999,3.4701,21.805910760882263
2003,France,10871,56360402,0.848,3.2656,19.288364905559046
2003,Germany,11155,78756461,0.855,3.1816,14.163917294353793
2003,Greece,375,9951164,0.7989999999999999,1.9202,3.768403374720786
2003,Hungary,2800,9094931,0.769,0.884,30.786379797713693
2003,Iceland,26,186799,0.859,4.2174,13.918704061584913
2003,Ireland,454,3694079,0.8610000000000001,4.4473,12.289937491861977
2003,Italy,4075,54937570,0.8290000000000001,2.8572,7.417510457779621
2003,Latvia,604,2190211,0.727,0.5364,27.5772516894491
2003,Lithuania,1455,3254127,0.754,0.5778,44.71245283297179
2003,Luxembourg,48,377871,0.851,6.9768,12.702747763125512
2003,Malta,20,283719,0.766,1.4444,7.049228285733419
2003,Netherlands,1502,15203397,0.8770000000000001,3.7614,9.879371037933167
2003,Norway,502,4273124,0.9170000000000001,5.3533,11.747845370272428
2003,Poland,5836,36353775,0.786,0.5983,16.05335346879382
2003,Portugal,1156,8777032,0.782,1.6671,13.1707392658475
2003,Romania,2894,20656841,0.706,0.2898,14.009886603668004
2003,Russia,51445,137019868,0.793,0.3141,37.54564994910081
2003,Serbia,1378,6287477,0.71,0.2979,21.916581166022556
2003,Slovakia,753,4774574,0.763,0.9138,15.771040515865918
2003,Slovenia,562,1807588,0.824,1.5568,31.09115572796456
2003,Spain,3478,39947556,0.827,2.2701,8.70641498068117
2003,Sweden,1112,8490539,0.8969999999999999,3.8997,13.096930595336763
2003,Switzerland,1269,6969293,0.888,5.0639,18.20844668175093
2003,Ukraine,12313,45697383,0.668,0.1097,26.944650200209495
2003,United Kingdom,3979,56171771,0.8649999999999999,3.6289,7.083629248577546
2004,Albania,146,2874991,0.656,0.2544,5.078276766779444
2004,Austria,1422,7319531,0.836,3.8711,19.427474246642305
2004,Azerbaijan,108,7681350,0.64,0.1122,1.406002851061337
2004,Belgium,1987,9848022,0.874,3.7661,20.17664054771608
2004,Bulgaria,1013,7447563,0.713,0.3485,13.601764765199032
2004,Croatia,871,4229600,0.749,0.9829,20.592963873652355
2004,Cyprus,7,317098,0.8,2.5227,2.207519441939085
2004,Czech Republic,1583,9746647,0.8210000000000001,1.2226,16.241482840201353
2004,Denmark,661,5072927,0.862,4.9552,13.029952924613344
2004,Estonia,323,1221545,0.78,0.9293,26.441923956956153
2004,Finland,1064,4944765,0.8569999999999999,3.9793,21.517706099278733
2004,France,10804,56813922,0.848,3.724,19.01646571768096
2004,Georgia,175,4089850,0.672,0.1253,4.27888553369928
2004,Germany,10741,78811814,0.855,3.5772,13.628667397504643
2004,Greece,353,10020311,0.7989999999999999,2.2804,3.522844750028218
2004,Hungary,2742,9630044,0.769,1.0806,28.473390152734503
2004,Iceland,35,217616,0.859,5.0528,16.083376222336593
2004,Ireland,464,3484262,0.861,5.1662,13.317023805902082
2004,Italy,3986,54988156,0.8290000000000001,3.2704,7.248833730667382
2004,Latvia,563,2043566,0.727,0.6644,27.549880943409704
2004,Lithuania,1380,3222969,0.754,0.7028,42.81766284441457
2004,Luxembourg,62,313301,0.851,8.0639,19.78927612743017
2004,Malta,24,272666,0.766,1.5916,8.80197751094746
2004,Netherlands,1514,15265861,0.8770000000000001,4.2614,9.917553946023745
2004,Norway,529,3983578,0.9169999999999999,6.145,13.279519065523507
2004,Poland,6072,36371596,0.786,0.7014,16.694345774653385
2004,Romania,2720,20610767,0.706,0.3698,13.196985827844252
2004,Russia,49096,137071699,0.793,0.4312,35.81775111724558
2004,Serbia,1345,6693162,0.71,0.3508,20.095135901387117
2004,Slovakia,676,4793912,0.763,1.1177,14.101218378643578
2004,Slovenia,512,1907862,0.824,1.8067,26.836322543244744
2004,Spain,3508,40555823,0.827,2.6372,8.64980597237541
2004,Sweden,1155,8514314,0.8969999999999999,4.4831,13.565391175378311
2004,Switzerland,1284,6613044,0.888,5.6123,19.416172038171833
2004,Ukraine,11256,45322826,0.668,0.1432,24.835168045346514
2004,United Kingdom,4183,56455011,0.8649999999999999,4.2486,7.409439704121216
2005,Austria,1399,7827461,0.8530000000000001,4.0367,17.872973113503857
2005,Belgium,2029,9305527,0.866,3.9124,21.80424601422359
2005,Bulgaria,982,7404051,0.749,0.4003,13.263009668626
2005,Croatia,874,3991010,0.782,1.0722,21.899218493564284
2005,Cyprus,17,504043,0.83,2.6671,3.3727281204182975
2005,Czech Republic,1565,9761733,0.847,1.3961,16.031989401881816
2005,Denmark,631,4753304,0.902,5.196,13.274976731974224
2005,Estonia,273,1220655,0.824,1.087,22.365041719404747
2005,Finland,994,4642377,0.8689999999999999,4.1202,21.411445042054964
2005,France,10713,57160687,0.867,3.842,18.74190210485049
2005,Georgia,87,3844850,0.711,0.1552,2.262767078039455
2005,Germany,10270,78851254,0.887,3.6289,13.024523363953096
2005,Greece,400,10060102,0.8529999999999999,2.3414,3.976102826790424
2005,Hungary,2619,9077862,0.802,1.1764,28.850405525001374
2005,Iceland,33,171867,0.8889999999999999,6.0712,19.200893714325613
2005,Ireland,451,3833357,0.895,5.5213,11.765144754323691
2005,Italy,3742,55244690,0.856,3.3536,6.773501670477288
2005,Latvia,564,2137831,0.806,0.7916,26.38187957794606
2005,Lithuania,1319,3174728,0.806,0.8229,41.54686637721405
2005,Luxembourg,49,352304,0.88,8.5397,13.908442708569872
2005,Malta,19,233786,0.802,1.6648,8.127090587118134
2005,Montenegro,118,496691,0.75,0.387,23.757225317148894
2005,Netherlands,1574,15320595,0.891,4.4289,10.273752422800811
2005,Norway,533,4335092,0.931,7.1215,12.29501011743234
2005,Poland,6045,36371365,0.805,0.8417,16.620217580505983
2005,Romania,2603,20569960,0.751,0.4847,12.654375604036177
2005,Russia,45802,136162191,0.793,0.5611,33.6378253490354
2005,San Marino,1,2940,0.72,6.9301,34.01360544217687
2005,Serbia,1437,6673499,0.741,0.3719,21.532931974665765
2005,Slovakia,679,4796174,0.793,1.2229,14.15711773592868
2005,Slovenia,503,1811262,0.857,1.9012,27.770692478503936
2005,Spain,3399,41195479,0.8450000000000001,2.8092,8.250905396682
2005,Sweden,1219,8538624,0.892,4.5563,14.276304940936619
2005,Switzerland,1299,6666392,0.904,5.779,19.48580281507598
2005,Ukraine,10621,44939270,0.713,0.1917,23.634117777169056
2005,United Kingdom,4047,56809024,0.89,4.4372,7.123868207980479
2006,Armenia,78,2270235,0.648,0.231,3.435767662819047
2006,Austria,1297,7428005,0.8529999999999999,4.2698,17.460946781807497
2006,Belgium,1935,9962702,0.866,4.1135,19.422441823513342
2006,Bulgaria,977,7018268,0.7490000000000001,0.4638,13.920813511253774
2006,Croatia,796,4234946,0.782,1.1914,18.795989370348522
2006,Cyprus,19,514167,0.83,2.86,3.695297442270702
2006,Czech Republic,1400,9292021,0.847,1.5896,15.066690012861573
2006,Denmark,650,5110460,0.902,5.5354,12.719011595825034
2006,Estonia,247,1214090,0.824,1.3264,20.344455518124686
2006,Finland,1062,4979740,0.8690000000000001,4.3487,21.326414632089225
2006,France,10423,57824447,0.867,4.0097,18.025248040850265
2006,Georgia,72,4166500,0.711,0.1859,1.7280691227649108
2006,Germany,9775,78828994,0.887,3.8088,12.400259731844352
2006,Greece,394,10071287,0.8529999999999999,2.5739,3.9121117291166465
2006,Hungary,2461,9591110,0.802,1.2021,25.659178134751865
2006,Iceland,32,200135,0.889,6.0243,15.989207285082568
2006,Ireland,452,3937578,0.895,5.8941,11.479137683113834
2006,Italy,3700,53488294,0.856,3.4578,6.917401403753875
2006,Latvia,487,1899660,0.806,1.0139,25.636166471894974
2006,Lithuania,1049,3125767,0.806,0.9667,33.55976309174676
2006,Luxembourg,65,358537,0.88,9.5351,18.12923073490323
2006,Malta,26,266619,0.8020000000000002,1.7504,9.75174312408343
2006,Netherlands,1525,15368697,0.891,4.7281,9.922767037439803
2006,Norway,532,4071473,0.9309999999999999,7.9007,13.066524081088097
2006,Poland,5805,36348232,0.805,0.9485,15.970515429746348
2006,Romania,2721,20526561,0.751,0.6018,13.255995487992362
2006,Russia,42614,135357462,0.793,0.7313,31.482564293352365
2006,Serbia,1443,6652561,0.741,0.4353,21.690894679507636
2006,Slovenia,529,1727055,0.857,2.0634,30.630176803865538
2006,Spain,3247,41808848,0.8450000000000001,3.0246,7.766298655251156
2006,Sweden,1197,8576044,0.892,4.8977,13.957484359921661
2006,Switzerland,1309,7118477,0.904,6.0536,18.38876490013243
2006,Ukraine,10013,44560034,0.713,0.2418,22.47080870719264
2006,United Kingdom,4122,57091129,0.89,4.7163,7.220035883333118
2007,Albania,124,2513536,0.656,0.3863,4.933289198961145
2007,Armenia,71,2324679,0.648,0.3366,3.0541851154503483
2007,Austria,1285,7464079,0.8529999999999999,4.9218,17.21578777502221
2007,Azerbaijan,55,7277100,0.64,0.4172,0.7557955779087824
2007,Belarus,2659,9244456,0.6830000000000002,0.4898,28.763185199864655
2007,Belgium,1857,10030266,0.866,4.704,18.513965631619342
2007,Bulgaria,902,6963230,0.7490000000000001,0.6073,12.953758528728764
2007,Croatia,775,4230855,0.782,1.4204,18.317810466206005
2007,Cyprus,19,546571,0.83,3.3048,3.4762180942640573
2007,Czech Republic,1379,9345309,0.847,1.9273,14.75606638581988
2007,Denmark,581,4798173,0.902,6.2229,12.108775569367758
2007,Estonia,251,1141545,0.8240000000000001,1.7504,21.987744679359988
2007,Finland,995,4701126,0.8689999999999999,5.1089,21.16514213828772
2007,France,10127,58167011,0.867,4.5682,17.410212121781537
2007,Georgia,104,3621350,0.711,0.2448,2.871857180333301
2007,Germany,9409,78776585,0.887,4.3667,11.943904397480544
2007,Greece,328,10139261,0.8529999999999999,2.9896,3.234949766062832
2007,Hungary,2450,9067724,0.802,1.4609,27.01890794205911
2007,Iceland,37,245865,0.889,7.359,15.048908954100828
2007,Ireland,458,4026707,0.895,6.7032,11.374058256535676
2007,Italy,3757,56583578,0.856,3.8935,6.639735649095926
2007,Latvia,453,2093878,0.806,1.4758,21.63449828500037
2007,Lithuania,1025,3087867,0.806,1.2869,33.19443486393682
2007,Luxembourg,78,392455,0.8800000000000001,11.2581,19.874890114790233
2007,Malta,26,182847,0.802,2.0333,14.219538740039487
2007,Montenegro,121,499263,0.75,0.6268,24.235723456374696
2007,Netherlands,1354,15425404,0.891,5.4418,8.777727960966208
2007,Norway,485,4117810,0.9309999999999999,9.0797,11.77810535211678
2007,Poland,5284,36310843,0.805,1.1816,14.552127032688281
2007,Portugal,1020,9434283,0.782,2.4003,10.811632426120775
2007,Romania,2430,20475026,0.751,0.8593,11.868116797507364
2007,Russia,41149,134778964,0.793,0.9643,30.530728816108127
2007,Serbia,1353,6238821,0.741,0.5748,21.68678985981486
2007,Slovenia,434,1738354,0.857,2.4964,24.966146135942388
2007,Spain,3264,42547327,0.8450000000000001,3.4769,7.671457245716048
2007,Sweden,1126,8629159,0.892,5.6531,13.048780304082936
2007,Switzerland,1360,7183595,0.904,6.6807,18.932024981920613
2007,Ukraine,10032,44198672,0.713,0.3229,22.697514531658324
2007,United Kingdom,3897,57382757,0.89,5.3576,6.79123869910956
2008,Albania,160,2757059,0.656,0.4672,5.803285312356391
2008,Armenia,63,2963960,0.648,0.3829,2.125534757554083
2008,Austria,1267,7925258,0.8530000000000001,5.4294,15.986861247924042
2008,Belarus,2658,9205746,0.6830000000000002,0.6601,28.873271106980354
2008,Belgium,1999,10100850,0.866,5.1345,19.790413678056797
2008,Bulgaria,939,7267511,0.749,0.7487,12.920517079368713
2008,Croatia,793,4225583,0.782,1.668,18.76664119483631
2008,Cyprus,41,564674,0.83,3.7267,7.260826600835172
2008,Czech Republic,1379,9899594,0.847,2.3811,13.9298641944306
2008,Denmark,603,5162525,0.902,6.8447,11.680330845855467
2008,Estonia,242,1264005,0.824,1.9141,19.145493886495704
2008,Finland,1033,5020096,0.8690000000000001,5.6521,20.577295732989967
2008,France,10353,58482967,0.867,4.9901,17.702590225971264
2008,Germany,9459,78662789,0.887,4.7702,12.024745270600564
2008,Greece,373,9034755,0.853,3.3168,4.128501547634662
2008,Hungary,2476,9058170,0.802,1.654,27.33443951703269
2008,Iceland,38,220035,0.889,5.9489,17.269979775944734
2008,Ireland,506,3808832,0.895,6.7173,13.284912540117286
2008,Italy,3904,57009825,0.856,4.1935,6.847942437992048
2008,Latvia,527,2067529,0.806,1.7217,25.489364357162586
2008,Lithuania,1111,2885952,0.8059999999999999,1.5669,38.496828776084975
2008,Luxembourg,43,342684,0.88,12.1315,12.548003408387903
2008,Malta,14,225109,0.802,2.3007,6.219209360798546
2008,Montenegro,126,549676,0.75,0.7705,22.922594401065357
2008,Netherlands,1439,14534687,0.891,6.0375,9.900453996704574
2008,Norway,505,4172807,0.9309999999999999,10.3431,12.102165281068595
2008,Poland,5682,36262711,0.805,1.4721,15.6689884548345
2008,Portugal,1038,9490456,0.782,2.6121,10.937303750209685
2008,Romania,2472,20433803,0.751,1.0454,12.09760121500633
2008,Russia,38211,134385949,0.793,1.2359,28.43377621271998
2008,Serbia,1289,6222320,0.741,0.7049,20.71574589542164
2008,Slovakia,591,4843078,0.793,1.953,12.20298330937474
2008,Slovenia,408,1757088,0.857,2.8599,23.22023711959788
2008,Spain,3457,43199484,0.8450000000000001,3.7848,8.00241039916125
2008,Sweden,1170,8170173,0.8919999999999999,5.9155,14.32038219998524
2008,Switzerland,1314,6884102,0.904,7.6202,19.087456868012705
2008,Ukraine,9454,43856123,0.713,0.4104,21.556853076137166
2008,United Kingdom,4259,57683372,0.89,5.0111,7.383410248624162
2009,Armenia,53,2321505,0.648,0.3215,2.283001759634375
2009,Austria,1278,7946894,0.8530000000000001,5.0356,16.081754708191653
2009,Belarus,2743,9169969,0.6830000000000002,0.5366,29.912860119810656
2009,Belgium,2013,10173366,0.866,4.763,19.786961365589324
2009,Bulgaria,868,6899499,0.7490000000000001,0.7186,12.580623607598174
2009,Croatia,790,3989052,0.782,1.4872,19.804204106639872
2009,Cyprus,32,533338,0.83,3.3816,5.9999475004593705
2009,Czech Republic,1464,9937407,0.847,2.0748,14.732213342977701
2009,Denmark,622,5192790,0.902,6.1863,11.978146622528543
2009,Estonia,269,1133860,0.8240000000000001,1.5609,23.72426931014411
2009,Finland,1034,4739319,0.8689999999999999,4.9878,21.81748052832063
2009,France,10499,58770727,0.867,4.5775,17.864335760216136
2009,Georgia,188,4158750,0.711,0.2589,4.52058911932672
2009,Germany,9579,78448602,0.887,4.357,12.210542642939641
2009,Greece,391,9664192,0.853,3.0785,4.045863327218664
2009,Hungary,2460,9534237,0.802,1.3697,25.801750050895528
2009,Iceland,36,196308,0.889,4.37,18.338529249954153
2009,Ireland,527,4117667,0.895,5.739,12.798509447218533
2009,Italy,3974,57351830,0.856,3.8101,6.929159889056722
2009,Latvia,516,1839230,0.806,1.289,28.055218760024577
2009,Lithuania,1138,3016497,0.806,1.2412,37.725878726217864
2009,Luxembourg,48,380117,0.88,10.9483,12.627690947787128
2009,Malta,36,229347,0.8020000000000002,2.1695,15.696739002472237
2009,Montenegro,107,552247,0.75,0.7023,19.375388186807715
2009,Netherlands,1530,15602176,0.891,5.4988,9.806324451153479
2009,Norway,573,4527536,0.931,8.5394,12.655890532952139
2009,Poland,6477,36223402,0.805,1.2141,17.88070595909241
2009,Portugal,1025,9510886,0.782,2.4254,10.77712423427218
2009,Romania,2586,20390882,0.751,0.8465,12.682139007032655
2009,Russia,37408,134085433,0.793,0.9118,27.898630867679714
2009,Serbia,1373,6597007,0.741,0.6116,20.812468442128377
2009,Slovakia,601,4584456,0.793,1.7299,13.10951615633349
2009,Slovenia,447,1756826,0.857,2.5872,25.443612514842105
2009,Spain,3429,43490086,0.8450000000000001,3.447,7.884555574344001
2009,Sweden,1242,8755922,0.892,4.907,14.184685519126369
2009,Switzerland,1105,7364558,0.904,7.3529,15.004294894547643
2009,Turkey,1050,65962419,0.767,0.9773,1.5918154851173665
2009,Ukraine,9715,43557944,0.713,0.2691,22.30362388087004
2009,United Kingdom,4246,58013559,0.89,4.1074,7.318978654627964
2010,Albania,96,2495086,0.722,0.4359,3.8475627693794925
2010,Armenia,73,2676225,0.721,0.346,2.7277228185223588
2010,Austria,1264,7968421,0.879,4.9181,15.862615692619654
2010,Belarus,2459,8981193,0.786,0.6371,27.379436117228522
2010,Belgium,2013,10211171,0.883,4.7355,19.713703746612413
2010,Bulgaria,859,6843064,0.773,0.7066,12.552856439746872
2010,Croatia,776,3969430,0.807,1.4232,19.54940633793769
2010,Cyprus,38,597609,0.848,3.2477,6.358672643818952
2010,Czech Republic,1502,9491005,0.863,2.0862,15.825510575539681
2010,Denmark,563,4545890,0.908,6.1711,12.384813534863362
2010,Estonia,223,1128615,0.8379999999999999,1.554,19.75873083380958
2010,Finland,954,4775874,0.878,4.8939,19.975401361091183
2010,France,10379,59056283,0.8809999999999999,4.4747,17.574759996324186
2010,Georgia,112,3287800,0.735,0.2775,3.4065332441146055
2010,Germany,10030,78349067,0.906,4.3614,12.801684032816881
2010,Greece,377,9682071,0.867,2.7886,3.893795036206613
2010,Hungary,2489,9514005,0.8210000000000001,1.3761,26.161432540764903
2010,Iceland,46,262829,0.892,4.5179,17.50187384192764
2010,Ireland,486,4264857,0.908,5.2042,11.395458276795681
2010,Italy,3989,57637843,0.8690000000000001,3.6869,6.9208002804685105
2010,Latvia,438,1800136,0.8110000000000002,1.1951,24.331494953714607
2010,Lithuania,1018,2949737,0.827,1.2584,34.511551368816946
2010,Luxembourg,54,419056,0.8859999999999999,11.1328,12.886105914245352
2010,Malta,31,223629,0.824,2.2132,13.862245057662468
2010,Netherlands,1604,15691409,0.9090000000000001,5.3302,10.222154046204519
2010,Norway,548,4283534,0.94,9.3638,12.793174981218778
2010,Poland,6357,36027791,0.8290000000000001,1.3304,17.64471210571861
2010,Portugal,1099,10066628,0.819,2.3673,10.917260476894548
2010,Romania,2766,20348649,0.785,0.819,13.593040009683197
2010,Russia,33356,134865987,0.793,1.1307,24.732700024654843
2010,Serbia,1207,6189176,0.757,0.5682,19.50178828328682
2010,Slovakia,631,5147562,0.827,1.7387,12.25823020684355
2010,Slovenia,414,1855264,0.8759999999999999,2.4689,22.314883488279833
2010,Spain,3158,41433450,0.8669999999999999,3.2839,7.621861080841687
2010,Sweden,1141,8823125,0.9010000000000001,5.5352,12.931926046610469
2010,Switzerland,1006,7052331,0.9239999999999999,7.8474,14.264787061185867
2010,Turkey,1524,66975131,0.738,1.1525,2.2754714731353043
2010,Ukraine,9089,43296809,0.7319999999999999,0.3141,20.992309156085845
2010,United Kingdom,4188,58403529,0.906,4.1798,7.170799559047194
2011,Armenia,67,2072073,0.723,0.3798,3.2334768128342968
2011,Austria,1288,7995146,0.8809999999999999,5.3923,16.109774605742036
2011,Belarus,2172,8947320,0.793,0.6902,24.27542549053795
2011,Belgium,2088,9757639,0.886,5.0893,21.39861907168322
2011,Bosnia and Herzegovina,5,1165280,0.7239999999999999,0.5076,0.42908142249073183
2011,Bulgaria,763,6742451,0.775,0.8137,11.316359584963983
2011,Croatia,702,3971194,0.814,1.489,17.677303098262136
2011,Cyprus,30,501573,0.852,3.4249,5.981183197660161
2011,Czech Republic,1590,9448724,0.866,2.301,16.82766900588905
2011,Denmark,589,4576015,0.9200000000000002,6.5598,12.871461304213382
2011,Estonia,218,1122588,0.849,1.8545,19.419412999248166
2011,Finland,912,4799300,0.8810000000000001,5.3809,19.002771237472132
2011,France,10408,59344643,0.884,4.8217,17.53823003029945
2011,Georgia,99,3950000,0.7400000000000001,0.3435,2.5063291139240507
2011,Germany,10153,78371140,0.911,4.7947,12.955024005010008
2011,Greece,477,9675142,0.8640000000000001,2.6825,4.9301601981655665
2011,Hungary,2420,9495011,0.823,1.4827,25.48706894599701
2011,Iceland,27,255612,0.896,4.9861,10.562884371625746
2011,Ireland,554,3461837,0.9090000000000001,5.6655,16.003064269057152
2011,Italy,4153,56610149,0.8729999999999999,4.021,7.336140380058
2011,Latvia,440,1766356,0.812,1.4447,24.910040784530413
2011,Lithuania,1018,2879805,0.831,1.5097,35.34961568578428
2011,Luxembourg,55,428348,0.8880000000000001,12.2729,12.840027267548814
2011,Malta,20,164494,0.822,2.3984,12.158498182304522
2011,Netherlands,1650,15772162,0.919,5.6667,10.461470025479068
2011,Norway,598,4643300,0.941,10.743,12.878771563327806
2011,Poland,6113,36008237,0.8329999999999999,1.4686,16.976671198870413
2011,Portugal,1017,9531569,0.825,2.4337,10.66980682823573
2011,Romania,2536,20291701,0.786,0.9086,12.497720127060811
2011,Russia,31038,134745874,0.793,1.5226,23.034471541592435
2011,Serbia,1256,6900027,0.761,0.6734,18.202827322269897
2011,Slovenia,435,1760348,0.877,2.6377,24.711023047715564
2011,Spain,3180,43642571,0.87,3.4097,7.2864634853890715
2011,Sweden,1112,8884644,0.903,6.338,12.515977004818652
2011,Switzerland,1034,7518040,0.9250000000000002,9.3053,13.753584710908694
2011,Turkey,1148,68034357,0.751,1.2237,1.6873827439862479
2011,Ukraine,8973,43074791,0.738,0.3788,20.83120960470824
2011,United Kingdom,4393,58881852,0.9010000000000001,4.4491,7.460702832512809
2012,Armenia,79,2647234,0.7279999999999999,0.3773,2.9842469536127143
2012,Austria,1276,8031276,0.884,5.0979,15.88788630847701
2012,Belgium,2026,10442637,0.8889999999999999,4.7678,19.40122978515867
2012,Bulgaria,872,6649465,0.778,0.7745,13.113836977862128
2012,Croatia,776,4054296,0.8169999999999998,1.3952,19.140191046731665
2012,Cyprus,36,527818,0.852,3.0752,6.820532835181824
2012,Czech Republic,1658,9923127,0.867,2.0898,16.708442812432008
2012,Denmark,661,4946084,0.921,6.2071,13.364107847743792
2012,Estonia,237,1188301,0.855,1.8411,19.944441686071123
2012,Finland,873,4523793,0.882,5.0232,19.2979652251993
2012,France,9743,59638457,0.886,4.5002,16.336774105339448
2012,Georgia,104,3951800,0.747,0.3772,2.631712131180728
2012,Germany,9896,78508115,0.915,4.5142,12.605066367979921
2012,Greece,508,9991052,0.8650000000000001,2.3309,5.0845496550313225
2012,Hungary,2349,8982311,0.823,1.3525,26.15139912211902
2012,Iceland,37,243461,0.897,4.8083,15.19750596604795
2012,Ireland,542,4220806,0.91,5.3443,12.841149297077383
2012,Italy,4257,56795085,0.872,3.6497,7.495366896624946
2012,Latvia,444,1839081,0.813,1.4558,24.14249290814271
2012,Lithuania,927,2696509,0.8330000000000001,1.5099,34.377782532897164
2012,Luxembourg,51,440352,0.8880000000000001,11.312,11.58164377588838
2012,Malta,25,283994,0.83,2.3074,8.803002880342541
2012,Netherlands,1756,15839503,0.92,5.2334,11.086206429583049
2012,Norway,515,4706585,0.9419999999999998,10.8408,10.9421162052741
2012,Poland,6368,36013446,0.838,1.3894,17.68228455560737
2012,Portugal,1076,9504422,0.827,2.1573,11.321046140417586
2012,Romania,2495,19041594,0.7879999999999999,0.9015,13.10289464211872
2012,Russia,29643,134668522,0.793,1.6413,22.011825450939458
2012,Serbia,1243,6524950,0.762,0.5933,19.049954405780888
2012,Slovakia,571,4853744,0.836,1.8256,11.764114465039771
2012,Slovenia,440,1850602,0.878,2.382,23.776046929593722
2012,Spain,3539,44318859,0.874,3.0146,7.985313881839782
2012,Sweden,1154,8948909,0.904,6.0776,12.89542669391319
2012,Switzerland,1038,7207955,0.927,8.7951,14.400755831577749
2012,Turkey,1450,68976439,0.7559999999999999,1.2671,2.102167089257826
2012,Ukraine,9058,42915935,0.743,0.4096,21.106379250504503
2012,United Kingdom,4444,59708630,0.9010000000000001,4.4585,7.442810193434349
2013,Armenia,67,2376957,0.731,0.3957,2.8187299980605456
2013,Austria,1291,8079615,0.884,5.3229,15.978484123315283
2013,Belarus,1902,8910240,0.7959999999999999,0.8477,21.346226364273015
2013,Belgium,1895,10526149,0.888,4.9489,18.002785254132352
2013,Bulgaria,721,6920644,0.779,0.8057,10.418105598265132
2013,Croatia,692,3839966,0.8170000000000001,1.4362,18.020992894207918
2013,Cyprus,45,559557,0.85,2.9624,8.042076142376915
2013,Czech Republic,1577,9936780,0.868,2.1073,15.87033224042396
2013,Denmark,610,5299698,0.923,6.4831,11.510089820212396
2013,Estonia,218,1178784,0.859,2.0221,18.49363411787062
2013,Finland,887,5135433,0.882,5.2572,17.27215601878167
2013,France,9600,59910069,0.887,4.6922,16.024017598777927
2013,Georgia,157,4192600,0.75,0.385,3.7446930305776847
2013,Germany,10091,77270988,0.915,4.8563,13.059235116807358
2013,Greece,533,9881997,0.863,2.2994,5.393646648546847
2013,Hungary,2092,8936200,0.825,1.4333,23.41039815581567
2013,Iceland,49,234160,0.8990000000000001,5.1749,20.925862658011617
2013,Ireland,487,3913045,0.912,5.6628,12.445550715619165
2013,Italy,4290,57503331,0.8729999999999999,3.705,7.460437378836367
2013,Latvia,383,1818164,0.816,1.582,21.065206439023104
2013,Lithuania,1085,2806627,0.8370000000000001,1.6538,38.65850360592982
2013,Luxembourg,40,379263,0.89,12.0423,10.546770974231602
2013,Malta,22,230194,0.837,2.5191,9.557156137866322
2013,Netherlands,1856,15899508,0.92,5.451,11.673317186921759
2013,Norway,554,4466394,0.9420000000000001,10.9804,12.403742258296067
2013,Poland,6218,36023694,0.84,1.4552,17.260861698414384
2013,Portugal,1052,8921270,0.828,2.2641,11.792043061133674
2013,Romania,2407,19003345,0.791,1.008,12.666191136349942
2013,Russia,28690,134713962,0.793,1.7052,21.296975884355625
2013,Serbia,1197,6494707,0.771,0.6662,18.430392625872116
2013,Slovakia,616,4859839,0.84,1.9226,12.675317021819035
2013,Slovenia,446,1856782,0.878,2.4697,24.020051896237685
2013,Spain,3873,44227625,0.874,3.0792,8.756970332456243
2013,Sweden,1230,9024081,0.9049999999999999,6.4133,13.63019680341965
2013,Switzerland,1071,7681318,0.928,8.9634,13.942919691646669
2013,Turkey,1810,69880352,0.759,1.3603,2.590141503580291
2013,United Kingdom,4824,60091793,0.902,4.5594,8.027718527220514
2014,Armenia,58,2336117,0.733,0.4142,2.482752362146245
2014,Austria,1314,7741757,0.8849999999999999,5.4278,16.97289129586475
2014,Belarus,1741,8906977,0.798,0.8849,19.546474634435455
2014,Belgium,1899,9962909,0.8900000000000001,5.0173,19.060698035081924
2014,Bosnia and Herzegovina,313,3426277,0.7330000000000001,0.5079,9.135280072218329
2014,Bulgaria,724,6564740,0.782,0.8241,11.028616517942828
2014,Croatia,722,3816578,0.818,1.4299,18.917470047775783
2014,Cyprus,44,683572,0.85,2.9024,6.436776228400227
2014,Czech Republic,1489,9963127,0.87,2.0859,14.94510709338544
2014,Denmark,629,5339166,0.923,6.6114,11.780866150256426
2014,Estonia,241,1175733,0.861,2.1117,20.49785112776455
2014,Finland,789,5159944,0.883,5.2832,15.29086362177574
2014,France,8881,60275954,0.888,4.7318,14.733902013396586
2014,Georgia,194,3078500,0.754,0.4757,6.301770342699367
2014,Germany,10217,77552369,0.916,5.0167,13.174323533559626
2014,Greece,565,9854424,0.8650000000000001,2.2834,5.7334654973238415
2014,Hungary,1925,8939453,0.8279999999999998,1.4886,21.533756036303338
2014,Iceland,44,260482,0.899,5.6833,16.891762194700593
2014,Ireland,486,4009218,0.916,5.9634,12.122064701894484
2014,Italy,4147,58100676,0.8729999999999999,3.7035,7.137610584771854
2014,Latvia,382,1697730,0.819,1.6544,22.50063319844734
2014,Lithuania,930,2781577,0.839,1.7442,33.43427127848699
2014,Luxembourg,67,494886,0.8919999999999999,12.6352,13.538471486362516
2014,Malta,32,366830,0.8390000000000001,2.7634,8.723386854946433
2014,Netherlands,1839,15899508,0.922,5.5325,11.566395639412239
2014,Norway,548,4827178,0.944,10.3443,11.35238849696448
2014,Poland,5934,36059630,0.843,1.5119,16.4560756724348
2014,Portugal,1222,9406504,0.83,2.3091,12.991011325780546
2014,Romania,2209,18952235,0.793,1.0526,11.655617398159109
2014,Russia,26541,134713962,0.793,1.5319,19.701744055304378
2014,Serbia,1134,6107362,0.771,0.65,18.567754785126542
2014,Slovakia,554,4588597,0.844,1.9679,12.0734071874257
2014,Slovenia,388,1858183,0.88,2.5569,20.880612942858697
2014,Spain,3911,44172771,0.876,3.1171,8.85387063446846
2014,Sweden,1148,9114524,0.907,6.2956,12.595281991687113
2014,Switzerland,1032,7809621,0.93,9.0809,13.214469690654642
2014,Turkey,1617,70931420,0.761,1.317,2.279666754169027
2014,Ukraine,7968,40464165,0.747,0.3299,19.691497402701874
2014,United Kingdom,4788,60570482,0.907,4.9906,7.9048405129085815
2015,Armenia,74,2418867,0.733,0.3775,3.0592835405997936
2015,Austria,1251,8219386,0.8850000000000001,4.6484,15.220114981824675
2015,Belgium,1867,10624356,0.89,4.283,17.57282982610899
2015,Croatia,739,4001669,0.818,1.2351,18.467294521360962
2015,Cyprus,40,651553,0.85,2.4718,6.139178240296645
2015,Czech Republic,1387,9989325,0.87,1.8703,13.884822047535744
2015,Denmark,564,5042577,0.923,5.5972,11.184757317538235
2015,Estonia,195,1243450,0.8610000000000001,1.8149,15.682174594877155
2015,Finland,731,4889189,0.8830000000000001,4.4862,14.951354917962876
2015,Georgia,192,3248800,0.754,0.4046,5.909874415168678
2015,Germany,10088,78136683,0.916,4.3201,12.910709301545344
2015,Greece,529,9253650,0.865,1.8927,5.716663154539019
2015,Hungary,1868,9389519,0.828,1.3087,19.894522818474513
2015,Iceland,40,232464,0.899,5.4909,17.206965379585657
2015,Italy,3988,58117697,0.8729999999999999,3.1537,6.8619374232946635
2015,Latvia,387,1779452,0.8190000000000001,1.4382,21.748268568076014
2015,Lithuania,896,2753926,0.839,1.5073,32.5353695052082
2015,Luxembourg,64,463650,0.892,10.7456,13.803515582875013
2015,Malta,34,338027,0.839,2.575,10.058368118523076
2015,Netherlands,1873,16057342,0.922,4.7206,11.664446083293237
2015,Norway,590,4882909,0.944,7.9187,12.082961202021172
2015,Poland,5420,36086575,0.843,1.3228,15.01943589825302
2015,Romania,2228,18863927,0.793,0.9431,11.810902364072973
2015,Russia,25432,137018943,0.793,0.9987,18.560937227489777
2015,Serbia,1062,6766406,0.771,0.5492,15.695185893367913
2015,Slovenia,422,1859042,0.88,2.2036,22.699863693235546
2015,Spain,3604,44186528,0.876,2.7108,8.156332174367718
2015,Sweden,1182,9114524,0.907,5.4629,12.968312991440913
2015,Switzerland,1073,7892502,0.93,8.6068,13.59518185741353
2015,Turkey,1532,71880464,0.761,1.1961,2.131316236355959
2015,Ukraine,7574,40345446,0.747,0.2256,18.772874638689085
2015,United Kingdom,4910,61082942,0.907,4.724,8.038250678888389
