year,country,suicides_no,population,"Suicide Rate per 100,000 Population",CapitalLatitude,CapitalLongitude,ContinentName
1985,Austria,2091,7110115,29.40880703,48.2,16.366667,Europe
1985,Belgium,2281,9269600,24.60731855,50.83333333,4.333333,Europe
1985,Bulgaria,1456,8392500,17.34882335,42.68333333,23.316667,Europe
1985,France,12501,51382600,24.32924764,48.86666667,2.333333,Europe
1985,Greece,405,7859800,5.15280287,37.98333333,23.733333,Europe
1985,Iceland,32,131600,24.31610942,64.15,-21.95,Europe
1985,Ireland,276,2865900,9.630482571,53.31666667,-6.233333,Europe
1985,Italy,4759,54114700,8.794283254,41.9,12.483333,Europe
1985,Luxembourg,55,286000,19.23076923,49.6,6.116667,Europe
1985,Malta,2,45800,4.366812227,35.88333333,14.5,Europe
1985,Netherlands,1638,13618300,12.027933,52.35,4.916667,Europe
1985,Portugal,983,9313930,10.55408404,38.71666667,-9.133333,Europe
1985,Spain,2514,35997000,6.983915326,40.4,-3.683333,Europe
1985,United Kingdom,5105,53006535,9.630887965,51.5,-0.083333,Europe
1986,Austria,2139,7119149,30.04572597,48.2,16.366667,Europe
1986,Belgium,2202,9287100,23.71030785,50.83333333,4.333333,Europe
1986,Bulgaria,1408,8391500,16.77888339,42.68333333,23.316667,Europe
1986,France,12529,51637600,24.2633275,48.86666667,2.333333,Europe
1986,Greece,393,7922600,4.960492768,37.98333333,23.733333,Europe
1986,Iceland,37,201700,18.34407536,64.15,-21.95,Europe
1986,Ireland,282,2875300,9.807672243,53.31666667,-6.233333,Europe
1986,Italy,4691,54267500,8.644216151,41.9,12.483333,Europe
1986,Luxembourg,51,276800,18.42485549,49.6,6.116667,Europe
1986,Malta,1,27700,3.610108303,35.88333333,14.5,Europe
1986,Netherlands,1604,13695500,11.71187616,52.35,4.916667,Europe
1986,Norway,579,3636600,15.9214651,59.91666667,10.75,Europe
1986,Portugal,941,9349248,10.06498063,38.71666667,-9.133333,Europe
1986,Spain,2755,36223000,7.605664909,40.4,-3.683333,Europe
1986,United Kingdom,4839,53119533,9.10964334,51.5,-0.083333,Europe
1987,Austria,2069,7130006,29.0182084,48.2,16.366667,Europe
1987,Belgium,2238,8691600,25.74899903,50.83333333,4.333333,Europe
1987,Bulgaria,1492,8375400,17.81407455,42.68333333,23.316667,Europe
1987,Finland,1363,4304400,31.66527274,60.16666667,24.933333,Europe
1987,France,12161,51900800,23.43123805,48.86666667,2.333333,Europe
1987,Greece,410,9387400,4.367556512,37.98333333,23.733333,Europe
1987,Iceland,36,177500,20.28169014,64.15,-21.95,Europe
1987,Ireland,245,2871100,8.533314757,53.31666667,-6.233333,Europe
1987,Italy,4516,54424100,8.297794543,41.9,12.483333,Europe
1987,Luxembourg,74,307900,24.0337772,49.6,6.116667,Europe
1987,Malta,1,5300,18.86792453,35.88333333,14.5,Europe
1987,Netherlands,1616,13777000,11.72969442,52.35,4.916667,Europe
1987,Norway,649,3929500,16.5160962,59.91666667,10.75,Europe
1987,Portugal,960,9378989,10.2356448,38.71666667,-9.133333,Europe
1987,Spain,2804,36425700,7.697861675,40.4,-3.683333,Europe
1987,Sweden,1541,7414300,20.78416034,59.33333333,18.05,Europe
1987,Ukraine,10050,47374200,21.21407855,50.43333333,30.516667,Europe
1987,United Kingdom,4594,53239668,8.628904297,51.5,-0.083333,Europe
1988,Austria,1851,7144410,25.90836752,48.2,16.366667,Europe
1988,Belgium,1996,9319300,21.41791765,50.83333333,4.333333,Europe
1988,Bulgaria,1452,8389800,17.3067296,42.68333333,23.316667,Europe
1988,Finland,1402,4633600,30.25725138,60.16666667,24.933333,Europe
1988,France,11599,52157600,22.23836986,48.86666667,2.333333,Europe
1988,Greece,403,7996200,5.03989395,37.98333333,23.733333,Europe
1988,Iceland,35,161100,21.72563625,64.15,-21.95,Europe
1988,Ireland,266,2540300,10.47120419,53.31666667,-6.233333,Europe
1988,Italy,4381,54579700,8.026793845,41.9,12.483333,Europe
1988,Luxembourg,69,284500,24.25307557,49.6,6.116667,Europe
1988,Malta,9,126700,7.103393844,35.88333333,14.5,Europe
1988,Netherlands,1523,13855700,10.99186616,52.35,4.916667,Europe
1988,Norway,708,3946600,17.93949222,59.91666667,10.75,Europe
1988,Portugal,819,9400481,8.712320146,38.71666667,-9.133333,Europe
1988,Spain,2960,36597300,8.088028352,40.4,-3.683333,Europe
1988,Sweden,1590,7930900,20.04816603,59.33333333,18.05,Europe
1988,Ukraine,9751,47549900,20.50687804,50.43333333,30.516667,Europe
1988,United Kingdom,4971,53310780,9.324568127,51.5,-0.083333,Europe
1989,Austria,1898,6740550,28.15793963,48.2,16.366667,Europe
1989,Belgium,1920,9349200,20.53651649,50.83333333,4.333333,Europe
1989,Bulgaria,1460,8403200,17.37433359,42.68333333,23.316667,Europe
1989,Finland,1413,4336200,32.58613533,60.16666667,24.933333,Europe
1989,France,11715,52417900,22.34923566,48.86666667,2.333333,Europe
1989,Greece,383,8828800,4.33807539,37.98333333,23.733333,Europe
1989,Iceland,22,136200,16.15271659,64.15,-21.95,Europe
1989,Ireland,278,2537900,10.9539383,53.31666667,-6.233333,Europe
1989,Italy,4342,54697200,7.938249124,41.9,12.483333,Europe
1989,Luxembourg,73,355400,20.54023635,49.6,6.116667,Europe
1989,Malta,23,205900,11.1704711,35.88333333,14.5,Europe
1989,Netherlands,1520,13929300,10.91224972,52.35,4.916667,Europe
1989,Norway,660,3955800,16.6843622,59.91666667,10.75,Europe
1989,Portugal,747,9415270,7.933920111,38.71666667,-9.133333,Europe
1989,Romania,2529,21344500,11.84848556,44.43333333,26.1,Europe
1989,Russia,37921,135443800,27.99759014,55.75,37.6,Europe
1989,Spain,2987,36740400,8.130014915,40.4,-3.683333,Europe
1989,Sweden,1579,7459000,21.16905751,59.33333333,18.05,Europe
1989,Ukraine,10887,47761700,22.79441477,50.43333333,30.516667,Europe
1989,United Kingdom,4361,53425129,8.1628254,51.5,-0.083333,Europe
1990,Armenia,93,2333200,3.985942054,40.16666667,44.5,Europe
1990,Austria,1825,7231353,25.23732419,48.2,16.366667,Europe
1990,Azerbaijan,114,5443400,2.094279311,40.38333333,49.866667,Europe
1990,Belarus,2085,9408800,22.16010543,53.9,27.566667,Europe
1990,Belgium,1895,8779700,21.583881,50.83333333,4.333333,Europe
1990,Bulgaria,1323,8418500,15.71538873,42.68333333,23.316667,Europe
1990,Czech Republic,1997,9710900,20.56452028,50.08333333,14.466667,Europe
1990,Finland,1512,4356300,34.70835342,60.16666667,24.933333,Europe
1990,France,11403,52952900,21.53423136,48.86666667,2.333333,Europe
1990,Georgia,196,4113400,4.764914669,41.68333333,44.833333,Europe
1990,Germany,13924,74958800,18.5755375,52.51666667,13.4,Europe
1990,Greece,349,8928000,3.909050179,37.98333333,23.733333,Europe
1990,Iceland,40,161000,24.8447205,64.15,-21.95,Europe
1990,Ireland,334,2893700,11.54231607,53.31666667,-6.233333,Europe
1990,Italy,4402,54831700,8.028202664,41.9,12.483333,Europe
1990,Luxembourg,68,291100,23.35967022,49.6,6.116667,Europe
1990,Malta,8,126600,6.319115324,35.88333333,14.5,Europe
1990,Netherlands,1450,14014300,10.34657457,52.35,4.916667,Europe
1990,Norway,659,3706200,17.7810156,59.91666667,10.75,Europe
1990,Poland,4970,35164800,14.13345163,52.25,21,Europe
1990,Portugal,870,8699763,10.00027242,38.71666667,-9.133333,Europe
1990,Romania,2079,21401900,9.714090805,44.43333333,26.1,Europe
1990,Russia,39028,136398200,28.61328082,55.75,37.6,Europe
1990,Spain,2939,36861400,7.973110083,40.4,-3.683333,Europe
1990,Sweden,1471,8005700,18.37440823,59.33333333,18.05,Europe
1990,Ukraine,10645,47971600,22.19021254,50.43333333,30.516667,Europe
1990,United Kingdom,4643,50111989,9.265247883,51.5,-0.083333,Europe
1991,Armenia,80,2228700,3.589536501,40.16666667,44.5,Europe
1991,Austria,1769,6857954,25.79486535,48.2,16.366667,Europe
1991,Azerbaijan,134,5519500,2.427756137,40.38333333,49.866667,Europe
1991,Belarus,2169,9476200,22.88892172,53.9,27.566667,Europe
1991,Belgium,1805,9396600,19.20907562,50.83333333,4.333333,Europe
1991,Bulgaria,1384,8431900,16.4138569,42.68333333,23.316667,Europe
1991,Czech Republic,1904,9667500,19.69485389,50.08333333,14.466667,Europe
1991,Finland,1493,4380800,34.08053324,60.16666667,24.933333,Europe
1991,France,11502,53282900,21.58666289,48.86666667,2.333333,Europe
1991,Georgia,174,4574100,3.804027022,41.68333333,44.833333,Europe
1991,Germany,14010,75495900,18.55729914,52.51666667,13.4,Europe
1991,Greece,381,9036318,4.21631908,37.98333333,23.733333,Europe
1991,Hungary,3993,9757766,40.92125185,47.5,19.083333,Europe
1991,Iceland,37,186300,19.86044015,64.15,-21.95,Europe
1991,Ireland,345,2585300,13.34467953,53.31666667,-6.233333,Europe
1991,Italy,4453,54465500,8.175817719,41.9,12.483333,Europe
1991,Luxembourg,77,295000,26.10169492,49.6,6.116667,Europe
1991,Malta,10,152700,6.548788474,35.88333333,14.5,Europe
1991,Netherlands,1611,13236500,12.1708911,52.35,4.916667,Europe
1991,Norway,675,3972600,16.99139103,59.91666667,10.75,Europe
1991,Poland,5316,35396300,15.01851888,52.25,21,Europe
1991,Portugal,942,9410507,10.01008766,38.71666667,-9.133333,Europe
1991,Romania,2161,21458000,10.07083605,44.43333333,26.1,Europe
1991,Russia,39281,137283000,28.61315676,55.75,37.6,Europe
1991,Spain,2916,36958100,7.890015991,40.4,-3.683333,Europe
1991,Sweden,1483,8041100,18.44275037,59.33333333,18.05,Europe
1991,Ukraine,10700,48200600,22.19889379,50.43333333,30.516667,Europe
1991,United Kingdom,4547,53903427,8.435456247,51.5,-0.083333,Europe
1992,Armenia,83,2234300,3.714810008,40.16666667,44.5,Europe
1992,Austria,1759,7375368,23.8496574,48.2,16.366667,Europe
1992,Azerbaijan,144,4839300,2.975636972,40.38333333,49.866667,Europe
1992,Belarus,2424,9570900,25.32677178,53.9,27.566667,Europe
1992,Belgium,1878,8838700,21.24746852,50.83333333,4.333333,Europe
1992,Bulgaria,1519,8041500,18.88951066,42.68333333,23.316667,Europe
1992,Czech Republic,1991,8971600,22.1922511,50.08333333,14.466667,Europe
1992,Finland,1451,4720900,30.73566481,60.16666667,24.933333,Europe
1992,France,11644,53622300,21.71484625,48.86666667,2.333333,Europe
1992,Georgia,204,4127050,4.942998025,41.68333333,44.833333,Europe
1992,Germany,13458,76131700,17.6772619,52.51666667,13.4,Europe
1992,Greece,351,9160631,3.831613783,37.98333333,23.733333,Europe
1992,Hungary,4000,9754956,41.00479797,47.5,19.083333,Europe
1992,Iceland,28,163800,17.09401709,64.15,-21.95,Europe
1992,Ireland,362,2961700,12.22270993,53.31666667,-6.233333,Europe
1992,Italy,4543,54154898,8.38889956,41.9,12.483333,Europe
1992,Luxembourg,59,322600,18.28890267,49.6,6.116667,Europe
1992,Malta,18,218600,8.234217749,35.88333333,14.5,Europe
1992,Netherlands,1587,14216900,11.16277107,52.35,4.916667,Europe
1992,Norway,616,3989800,15.43937039,59.91666667,10.75,Europe
1992,Poland,5713,35605400,16.04531897,52.25,21,Europe
1992,Portugal,866,8742460,9.905678722,38.71666667,-9.133333,Europe
1992,Romania,2650,21227100,12.48404163,44.43333333,26.1,Europe
1992,Russia,45923,138118900,33.24888918,55.75,37.6,Europe
1992,Slovakia,796,4909228,16.21436201,48.15,17.116667,Europe
1992,Spain,2786,37000900,7.529546579,40.4,-3.683333,Europe
1992,Sweden,1355,7587900,17.85737819,59.33333333,18.05,Europe
1992,Ukraine,11666,48487300,24.05990847,50.43333333,30.516667,Europe
1992,United Kingdom,4628,50531514,9.158641081,51.5,-0.083333,Europe
1993,Armenia,106,2620100,4.045647113,40.16666667,44.5,Europe
1993,Austria,1704,7433569,22.92304006,48.2,16.366667,Europe
1993,Azerbaijan,119,6442600,1.847080371,40.38333333,49.866667,Europe
1993,Belarus,2885,9641100,29.92397133,53.9,27.566667,Europe
1993,Belgium,2142,9462900,22.63576705,50.83333333,4.333333,Europe
1993,Bulgaria,1470,8001000,18.37270341,42.68333333,23.316667,Europe
1993,Czech Republic,1917,9015800,21.2626722,50.08333333,14.466667,Europe
1993,Finland,1397,4741000,29.46635731,60.16666667,24.933333,Europe
1993,France,12251,53945400,22.70999937,48.86666667,2.333333,Europe
1993,Germany,12690,76793400,16.5248576,52.51666667,13.4,Europe
1993,Greece,412,9930405,4.148874089,37.98333333,23.733333,Europe
1993,Hungary,3694,9747902,37.89533379,47.5,19.083333,Europe
1993,Iceland,26,165300,15.72897762,64.15,-21.95,Europe
1993,Ireland,326,2988600,10.90811751,53.31666667,-6.233333,Europe
1993,Italy,4697,54140523,8.6755719,41.9,12.483333,Europe
1993,Luxembourg,64,302600,21.15003305,49.6,6.116667,Europe
1993,Malta,16,242500,6.597938144,35.88333333,14.5,Europe
1993,Netherlands,1555,14313600,10.86379387,52.35,4.916667,Europe
1993,Norway,590,4010500,14.71138262,59.91666667,10.75,Europe
1993,Poland,5624,35792600,15.71274509,52.25,21,Europe
1993,Portugal,780,9410082,8.288981966,38.71666667,-9.133333,Europe
1993,Romania,2774,21307600,13.01882896,44.43333333,26.1,Europe
1993,Russia,55846,137692800,40.55840247,55.75,37.6,Europe
1993,Slovakia,738,4522975,16.31669421,48.15,17.116667,Europe
1993,Spain,3037,37122100,8.181110444,40.4,-3.683333,Europe
1993,Sweden,1373,7618300,18.02239345,59.33333333,18.05,Europe
1993,Ukraine,12469,48680500,25.6139522,50.43333333,30.516667,Europe
1993,United Kingdom,4462,54283982,8.21973598,51.5,-0.083333,Europe
1994,Armenia,112,3402500,3.291697281,40.16666667,44.5,Europe
1994,Austria,1776,7462552,23.79882914,48.2,16.366667,Europe
1994,Azerbaijan,47,4932000,0.95296026,40.38333333,49.866667,Europe
1994,Belarus,3153,9653900,32.6603756,53.9,27.566667,Europe
1994,Belgium,2131,9497400,22.4377198,50.83333333,4.333333,Europe
1994,Bulgaria,1464,7995500,18.31029954,42.68333333,23.316667,Europe
1994,Czech Republic,1872,9723700,19.25193085,50.08333333,14.466667,Europe
1994,Denmark,999,4600000,21.7173913,55.66666667,12.583333,Europe
1994,Finland,1387,4761600,29.12886425,60.16666667,24.933333,Europe
1994,France,12041,54247100,22.19657825,48.86666667,2.333333,Europe
1994,Georgia,123,3748850,3.281006175,41.68333333,44.833333,Europe
1994,Germany,12718,77163400,16.48190723,52.51666667,13.4,Europe
1994,Greece,355,9370763,3.788378812,37.98333333,23.733333,Europe
1994,Hungary,3625,9740817,37.21453755,47.5,19.083333,Europe
1994,Iceland,25,141600,17.65536723,64.15,-21.95,Europe
1994,Ireland,394,3015800,13.06452683,53.31666667,-6.233333,Europe
1994,Italy,4536,54143049,8.377806725,41.9,12.483333,Europe
1994,Luxembourg,74,330200,22.41066021,49.6,6.116667,Europe
1994,Malta,15,174400,8.600917431,35.88333333,14.5,Europe
1994,Netherlands,1584,14397700,11.00175723,52.35,4.916667,Europe
1994,Norway,531,4033300,13.16539806,59.91666667,10.75,Europe
1994,Poland,5519,35960000,15.34760845,52.25,21,Europe
1994,Portugal,762,8819699,8.639750631,38.71666667,-9.133333,Europe
1994,Romania,2887,21386000,13.49948564,44.43333333,26.1,Europe
1994,Russia,61420,138476200,44.35419227,55.75,37.6,Europe
1994,Slovakia,691,4974858,13.88984369,48.15,17.116667,Europe
1994,Spain,3171,37203100,8.523483258,40.4,-3.683333,Europe
1994,Sweden,1324,7639300,17.33143089,59.33333333,18.05,Europe
1994,Ukraine,13826,48619000,28.43744215,50.43333333,30.516667,Europe
1994,United Kingdom,4380,54497293,8.037096448,51.5,-0.083333,Europe
1995,Albania,88,2903400,3.030929255,41.31666667,19.816667,Europe
1995,Armenia,130,3073500,4.229705547,40.16666667,44.5,Europe
1995,Austria,1788,7016085,25.48429787,48.2,16.366667,Europe
1995,Azerbaijan,49,3902100,1.255734092,40.38333333,49.866667,Europe
1995,Belarus,3203,9673600,33.11073437,53.9,27.566667,Europe
1995,Belgium,2155,9527100,22.6196849,50.83333333,4.333333,Europe
1995,Bulgaria,1433,7983900,17.9486216,42.68333333,23.316667,Europe
1995,Croatia,929,4497400,20.65637924,45.8,16,Europe
1995,Czech Republic,1733,9744300,17.78475622,50.08333333,14.466667,Europe
1995,Denmark,924,4611600,20.03642987,55.66666667,12.583333,Europe
1995,Estonia,594,1250437,47.50339281,59.43333333,24.716667,Europe
1995,Finland,1388,4465800,31.08065744,60.16666667,24.933333,Europe
1995,France,11819,54528500,21.67490395,48.86666667,2.333333,Europe
1995,Georgia,138,4044750,3.41183015,41.68333333,44.833333,Europe
1995,Germany,12888,77547500,16.61949128,52.51666667,13.4,Europe
1995,Greece,370,8786858,4.210833952,37.98333333,23.733333,Europe
1995,Hungary,3366,9109659,36.94979142,47.5,19.083333,Europe
1995,Iceland,27,176500,15.29745042,64.15,-21.95,Europe
1995,Ireland,403,3345900,12.04459189,53.31666667,-6.233333,Europe
1995,Italy,4569,54141172,8.439048937,41.9,12.483333,Europe
1995,Latvia,1024,2374700,43.12123637,56.95,24.1,Europe
1995,Lithuania,1694,3387149,50.01256219,54.68333333,25.316667,Europe
1995,Luxembourg,63,334100,18.85662975,49.6,6.116667,Europe
1995,Malta,17,248300,6.846556585,35.88333333,14.5,Europe
1995,Netherlands,1511,14474000,10.43940859,52.35,4.916667,Europe
1995,Norway,548,4055900,13.51118124,59.91666667,10.75,Europe
1995,Poland,5499,36104900,15.23061967,52.25,21,Europe
1995,Portugal,809,9473844,8.539300415,38.71666667,-9.133333,Europe
1995,Romania,2793,21451300,13.02018992,44.43333333,26.1,Europe
1995,Russia,60548,139087100,43.53243399,55.75,37.6,Europe
1995,Slovakia,735,5005232,14.684634,48.15,17.116667,Europe
1995,Slovenia,564,1884000,29.93630573,46.05,14.516667,Europe
1995,Spain,3157,37275300,8.469415404,40.4,-3.683333,Europe
1995,Sweden,1348,8233000,16.37313252,59.33333333,18.05,Europe
1995,Switzerland,1419,6219100,22.81680629,46.91666667,7.466667,Europe
1995,Ukraine,14541,48415300,30.03389424,50.43333333,30.516667,Europe
1995,United Kingdom,4315,54746964,7.881715596,51.5,-0.083333,Europe
1996,Albania,89,2940200,3.027004966,41.31666667,19.816667,Europe
1996,Armenia,87,3435200,2.532603633,40.16666667,44.5,Europe
1996,Austria,1779,7031995,25.2986528,48.2,16.366667,Europe
1996,Azerbaijan,69,5033500,1.370815536,40.38333333,49.866667,Europe
1996,Belarus,3627,9684800,37.4504378,53.9,27.566667,Europe
1996,Belgium,2013,9557545,21.06189403,50.83333333,4.333333,Europe
1996,Bulgaria,1526,7963300,19.16290985,42.68333333,23.316667,Europe
1996,Croatia,1001,4220800,23.71588324,45.8,16,Europe
1996,Czech Republic,1568,9763900,16.05915669,50.08333333,14.466667,Europe
1996,Denmark,892,4632800,19.25401485,55.66666667,12.583333,Europe
1996,Estonia,545,1237966,44.02382618,59.43333333,24.716667,Europe
1996,Finland,1247,4802200,25.967265,60.16666667,24.933333,Europe
1996,France,11279,54791600,20.5852722,48.86666667,2.333333,Europe
1996,Georgia,162,3955000,4.09608091,41.68333333,44.833333,Europe
1996,Germany,12225,77882500,15.69672263,52.51666667,13.4,Europe
1996,Greece,356,8891594,4.003781549,37.98333333,23.733333,Europe
1996,Hungary,3436,9737250,35.2871704,47.5,19.083333,Europe
1996,Iceland,33,205300,16.07403799,64.15,-21.95,Europe
1996,Ireland,408,3079500,13.24890404,53.31666667,-6.233333,Europe
1996,Italy,4689,54150332,8.659226688,41.9,12.483333,Europe
1996,Latvia,922,2180600,42.28194075,56.95,24.1,Europe
1996,Lithuania,1722,3375163,51.01975816,54.68333333,25.316667,Europe
1996,Luxembourg,72,338600,21.26402835,49.6,6.116667,Europe
1996,Malta,10,167500,5.970149254,35.88333333,14.5,Europe
1996,Netherlands,1577,14553700,10.83573249,52.35,4.916667,Europe
1996,Norway,517,4078000,12.67778323,59.91666667,10.75,Europe
1996,Poland,5446,36243300,15.02622554,52.25,21,Europe
1996,Portugal,653,8900283,7.336845356,38.71666667,-9.133333,Europe
1996,Romania,2828,21397300,13.21662079,44.43333333,26.1,Europe
1996,Russia,57511,139272600,41.29383669,55.75,37.6,Europe
1996,Slovakia,672,5032436,13.35337399,48.15,17.116667,Europe
1996,Slovenia,607,1893100,32.06381068,46.05,14.516667,Europe
1996,Spain,3320,37341200,8.890983686,40.4,-3.683333,Europe
1996,Sweden,1253,8274300,15.14327496,59.33333333,18.05,Europe
1996,Switzerland,1432,6249100,22.9152998,46.91666667,7.466667,Europe
1996,Ukraine,15160,48174500,31.46893066,50.43333333,30.516667,Europe
1996,United Kingdom,4165,51314981,8.116538131,51.5,-0.083333,Europe
1997,Albania,170,2790300,6.092534853,41.31666667,19.816667,Europe
1997,Armenia,77,2839400,2.71184053,40.16666667,44.5,Europe
1997,Austria,1592,7512589,21.1910967,48.2,16.366667,Europe
1997,Azerbaijan,107,4933500,2.168845647,40.38333333,49.866667,Europe
1997,Belarus,3526,9692100,36.38014465,53.9,27.566667,Europe
1997,Belgium,2146,8982600,23.890633,50.83333333,4.333333,Europe
1997,Bulgaria,1465,7933900,18.46506762,42.68333333,23.316667,Europe
1997,Croatia,946,4295100,22.02509837,45.8,16,Europe
1997,Czech Republic,1666,9786700,17.02310278,50.08333333,14.466667,Europe
1997,Denmark,817,4646300,17.58388395,55.66666667,12.583333,Europe
1997,Estonia,522,1229521,42.4555579,59.43333333,24.716667,Europe
1997,Finland,1322,4823200,27.40918892,60.16666667,24.933333,Europe
1997,France,11139,55045500,20.23598659,48.86666667,2.333333,Europe
1997,Georgia,176,3893450,4.520412488,41.68333333,44.833333,Europe
1997,Germany,12256,78067900,15.6991542,52.51666667,13.4,Europe
1997,Greece,374,9642400,3.878702398,37.98333333,23.733333,Europe
1997,Hungary,3208,9737781,32.94385035,47.5,19.083333,Europe
1997,Iceland,33,198505,16.62426639,64.15,-21.95,Europe
1997,Ireland,466,3124101,14.91629112,53.31666667,-6.233333,Europe
1997,Italy,4694,54181477,8.663477373,41.9,12.483333,Europe
1997,Latvia,886,2354700,37.62687391,56.95,24.1,Europe
1997,Lithuania,1632,3364273,48.50973747,54.68333333,25.316667,Europe
1997,Luxembourg,81,342500,23.64963504,49.6,6.116667,Europe
1997,Malta,15,200500,7.481296758,35.88333333,14.5,Europe
1997,Netherlands,1572,13710700,11.46549775,52.35,4.916667,Europe
1997,Norway,533,3826800,13.92808613,59.91666667,10.75,Europe
1997,Portugal,628,9564579,6.565892759,38.71666667,-9.133333,Europe
1997,Romania,2859,21369000,13.37919416,44.43333333,26.1,Europe
1997,Russia,54746,139283200,39.30553003,55.75,37.6,Europe
1997,Slovakia,630,4654973,13.53391309,48.15,17.116667,Europe
1997,Slovenia,593,1883900,31.47725463,46.05,14.516667,Europe
1997,Spain,3373,37405000,9.017511028,40.4,-3.683333,Europe
1997,Sweden,1201,8311300,14.45020635,59.33333333,18.05,Europe
1997,Switzerland,1341,6675200,20.08928571,46.91666667,7.466667,Europe
1997,Ukraine,14903,47923000,31.09780273,50.43333333,30.516667,Europe
1997,United Kingdom,4143,55266635,7.496385477,51.5,-0.083333,Europe
1998,Albania,154,2970400,5.184486938,41.31666667,19.816667,Europe
1998,Armenia,66,2852000,2.314165498,40.16666667,44.5,Europe
1998,Austria,1559,7533519,20.69418024,48.2,16.366667,Europe
1998,Azerbaijan,56,5453000,1.026957638,40.38333333,49.866667,Europe
1998,Belarus,3556,9694800,36.67945703,53.9,27.566667,Europe
1998,Belgium,2019,9620997,20.9853511,50.83333333,4.333333,Europe
1998,Bulgaria,1503,7899500,19.02652067,42.68333333,23.316667,Europe
1998,Croatia,1029,4227900,24.33832399,45.8,16,Europe
1998,Czech Republic,1613,9808300,16.44525555,50.08333333,14.466667,Europe
1998,Denmark,763,4657000,16.38393816,55.66666667,12.583333,Europe
1998,Estonia,477,1321719,36.08936544,59.43333333,24.716667,Europe
1998,Finland,1228,4844673,25.34742799,60.16666667,24.933333,Europe
1998,France,10534,55280700,19.05547506,48.86666667,2.333333,Europe
1998,Georgia,148,3511350,4.2149031,41.68333333,44.833333,Europe
1998,Germany,11654,78071100,14.92741872,52.51666667,13.4,Europe
1998,Greece,403,9676312,4.164809899,37.98333333,23.733333,Europe
1998,Hungary,3245,9124831,35.56230247,47.5,19.083333,Europe
1998,Iceland,30,189443,15.83589787,64.15,-21.95,Europe
1998,Ireland,498,3449415,14.43723066,53.31666667,-6.233333,Europe
1998,Italy,4504,54250592,8.30221355,41.9,12.483333,Europe
1998,Latvia,839,2344100,35.7919884,56.95,24.1,Europe
1998,Lithuania,1553,3350973,46.34474823,54.68333333,25.316667,Europe
1998,Luxembourg,64,371485,17.22815188,49.6,6.116667,Europe
1998,Malta,12,166700,7.198560288,35.88333333,14.5,Europe
1998,Netherlands,1519,14734600,10.30906845,52.35,4.916667,Europe
1998,Norway,548,3849300,14.23635466,59.91666667,10.75,Europe
1998,Portugal,556,9049143,6.144228243,38.71666667,-9.133333,Europe
1998,Romania,2838,19803000,14.33116195,44.43333333,26.1,Europe
1998,Russia,51518,139122100,37.03078088,55.75,37.6,Europe
1998,Serbia,1460,7179002,20.33708864,44.83333333,20.5,Europe
1998,Slovakia,673,4685600,14.3631552,48.15,17.116667,Europe
1998,Slovenia,612,1880300,32.54799766,46.05,14.516667,Europe
1998,Spain,3261,37458900,8.705541273,40.4,-3.683333,Europe
1998,Sweden,1231,8346300,14.74905048,59.33333333,18.05,Europe
1998,Switzerland,1371,6725167,20.38611086,46.91666667,7.466667,Europe
1998,Ukraine,14789,47675400,31.02019071,50.43333333,30.516667,Europe
1998,United Kingdom,4389,55527379,7.904208841,51.5,-0.083333,Europe
1999,Albania,139,2638400,5.268344451,41.31666667,19.816667,Europe
1999,Armenia,67,2494800,2.685586019,40.16666667,44.5,Europe
1999,Austria,1555,7561609,20.56440633,48.2,16.366667,Europe
1999,Azerbaijan,54,5225600,1.033374158,40.38333333,49.866667,Europe
1999,Belarus,3397,9563200,35.52158273,53.9,27.566667,Europe
1999,Belgium,1857,9648277,19.24695985,50.83333333,4.333333,Europe
1999,Bulgaria,1307,7866600,16.61454758,42.68333333,23.316667,Europe
1999,Croatia,989,4283800,23.08697885,45.8,16,Europe
1999,Cyprus,1,63504,1.574703956,35.16666667,33.366667,Europe
1999,Czech Republic,1610,9202320,17.49558807,50.08333333,14.466667,Europe
1999,Denmark,762,4668797,16.32112084,55.66666667,12.583333,Europe
1999,Estonia,468,1218943,38.39391998,59.43333333,24.716667,Europe
1999,Finland,1207,4864255,24.81366622,60.16666667,24.933333,Europe
1999,France,10268,55043393,18.65437329,48.86666667,2.333333,Europe
1999,Georgia,189,3498150,5.402855795,41.68333333,44.833333,Europe
1999,Germany,11160,78141200,14.28183852,52.51666667,13.4,Europe
1999,Greece,381,9169395,4.155126919,37.98333333,23.733333,Europe
1999,Hungary,3326,9553064,34.81605483,47.5,19.083333,Europe
1999,Iceland,31,204171,15.18335121,64.15,-21.95,Europe
1999,Ireland,424,3481871,12.17736096,53.31666667,-6.233333,Europe
1999,Italy,4115,54280527,7.580987561,41.9,12.483333,Europe
1999,Latvia,763,2165300,35.23761142,56.95,24.1,Europe
1999,Lithuania,1550,3333452,46.49834466,54.68333333,25.316667,Europe
1999,Luxembourg,70,352715,19.84605134,49.6,6.116667,Europe
1999,Malta,27,277700,9.722722362,35.88333333,14.5,Europe
1999,Netherlands,1519,14832000,10.24137001,52.35,4.916667,Europe
1999,Norway,583,4159745,14.01528219,59.91666667,10.75,Europe
1999,Poland,5779,36575200,15.80032372,52.25,21,Europe
1999,Portugal,545,9671357,5.635196798,38.71666667,-9.133333,Europe
1999,Romania,2736,21310800,12.83856073,44.43333333,26.1,Europe
1999,Russia,56974,138717800,41.07187398,55.75,37.6,Europe
1999,San Marino,2,6540,30.58103976,43.93333333,12.416667,Europe
1999,Serbia,1571,7162831,21.9326688,44.83333333,20.5,Europe
1999,Slovakia,692,4712400,14.68466174,48.15,17.116667,Europe
1999,Slovenia,590,1772300,33.29007504,46.05,14.516667,Europe
1999,Spain,3220,35796416,8.995313944,40.4,-3.683333,Europe
1999,Sweden,1220,7811493,15.6180131,59.33333333,18.05,Europe
1999,Switzerland,1296,6764328,19.15933113,46.91666667,7.466667,Europe
1999,Ukraine,14363,47415400,30.29184611,50.43333333,30.516667,Europe
1999,United Kingdom,4448,55833339,7.966566356,51.5,-0.083333,Europe
2000,Albania,54,2303600,2.344156972,41.31666667,19.816667,Europe
2000,Armenia,61,2589200,2.355940059,40.16666667,44.5,Europe
2000,Austria,1588,7592073,20.91655336,48.2,16.366667,Europe
2000,Azerbaijan,62,6487200,0.955728203,40.38333333,49.866667,Europe
2000,Belarus,3483,9543479,36.49612474,53.9,27.566667,Europe
2000,Belgium,2143,9674025,22.15210318,50.83333333,4.333333,Europe
2000,Bulgaria,1383,7369359,18.76689682,42.68333333,23.316667,Europe
2000,Croatia,926,3822800,24.22308256,45.8,16,Europe
2000,Cyprus,7,199280,3.512645524,35.16666667,33.366667,Europe
2000,Czech Republic,1649,9819742,16.79270189,50.08333333,14.466667,Europe
2000,Denmark,728,4682672,15.54667933,55.66666667,12.583333,Europe
2000,Estonia,377,1239210,30.42260795,59.43333333,24.716667,Europe
2000,Finland,1165,4552539,25.59011576,60.16666667,24.933333,Europe
2000,France,10849,55267624,19.62993741,48.86666667,2.333333,Europe
2000,Georgia,130,3138700,4.141842164,41.68333333,44.833333,Europe
2000,Germany,11073,78242066,14.15223366,52.51666667,13.4,Europe
2000,Greece,382,9844550,3.880319568,37.98333333,23.733333,Europe
2000,Hungary,3269,9527034,34.31288269,47.5,19.083333,Europe
2000,Iceland,50,180994,27.62522515,64.15,-21.95,Europe
2000,Ireland,463,3249472,14.24846867,53.31666667,-6.233333,Europe
2000,Italy,4108,54298946,7.565524384,41.9,12.483333,Europe
2000,Latvia,770,2272107,33.88924905,56.95,24.1,Europe
2000,Lithuania,1631,3063726,53.23583114,54.68333333,25.316667,Europe
2000,Luxembourg,62,355545,17.43801769,49.6,6.116667,Europe
2000,Malta,23,268601,8.562886959,35.88333333,14.5,Europe
2000,Netherlands,1501,13970665,10.74394096,52.35,4.916667,Europe
2000,Norway,541,3877848,13.95103676,59.91666667,10.75,Europe
2000,Poland,5841,36233344,16.12051043,52.25,21,Europe
2000,Portugal,524,8604831,6.089602457,38.71666667,-9.133333,Europe
2000,Romania,2836,21290400,13.32055762,44.43333333,26.1,Europe
2000,Russia,56619,138205695,40.96719748,55.75,37.6,Europe
2000,San Marino,1,2116,47.25897921,43.93333333,12.416667,Europe
2000,Serbia,1543,7149140,21.58301558,44.83333333,20.5,Europe
2000,Slovakia,729,5111813,14.26108506,48.15,17.116667,Europe
2000,Slovenia,588,1777747,33.07557262,46.05,14.516667,Europe
2000,Spain,3394,38319996,8.856994661,40.4,-3.683333,Europe
2000,Sweden,1131,8409008,13.44986234,59.33333333,18.05,Europe
2000,Switzerland,1380,6809589,20.26554026,46.91666667,7.466667,Europe
2000,Ukraine,14467,47125400,30.69894367,50.43333333,30.516667,Europe
2000,United Kingdom,4290,56133909,7.642439439,51.5,-0.083333,Europe
2001,Albania,119,2799349,4.250988355,41.31666667,19.816667,Europe
2001,Armenia,60,2944541,2.037669029,40.16666667,44.5,Europe
2001,Austria,1489,7634560,19.50341604,48.2,16.366667,Europe
2001,Azerbaijan,317,7518000,4.216546954,40.38333333,49.866667,Europe
2001,Belarus,3303,9513587,34.71876591,53.9,27.566667,Europe
2001,Belgium,2165,9710055,22.29647515,50.83333333,4.333333,Europe
2001,Bulgaria,1314,7591926,17.30786101,42.68333333,23.316667,Europe
2001,Croatia,881,4180633,21.07336377,45.8,16,Europe
2001,Czech Republic,1623,9838083,16.49711636,50.08333333,14.466667,Europe
2001,Denmark,727,4696167,15.48071012,55.66666667,12.583333,Europe
2001,Estonia,401,1240750,32.3191618,59.43333333,24.716667,Europe
2001,Finland,1204,4898983,24.57652946,60.16666667,24.933333,Europe
2001,France,10449,55511272,18.82320405,48.86666667,2.333333,Europe
2001,Georgia,100,3453400,2.895696994,41.68333333,44.833333,Europe
2001,Germany,11167,78421514,14.23971488,52.51666667,13.4,Europe
2001,Greece,334,10441529,3.198765238,37.98333333,23.733333,Europe
2001,Hungary,2978,9704598,30.6864849,47.5,19.083333,Europe
2001,Iceland,36,189338,19.01361586,64.15,-21.95,Europe
2001,Ireland,488,3304162,14.76925163,53.31666667,-6.233333,Europe
2001,Italy,4030,54333844,7.417108202,41.9,12.483333,Europe
2001,Latvia,708,2093727,33.81529684,56.95,24.1,Europe
2001,Lithuania,1533,3294138,46.53721247,54.68333333,25.316667,Europe
2001,Luxembourg,73,292828,24.92931004,49.6,6.116667,Europe
2001,Malta,30,308505,9.724315651,35.88333333,14.5,Europe
2001,Netherlands,1474,15038337,9.801615697,52.35,4.916667,Europe
2001,Norway,549,3609394,15.21030954,59.91666667,10.75,Europe
2001,Poland,5855,36295390,16.13152524,52.25,21,Europe
2001,Portugal,761,9809536,7.75775735,38.71666667,-9.133333,Europe
2001,Romania,2720,21272887,12.78622878,44.43333333,26.1,Europe
2001,Russia,56958,137521509,41.41752109,55.75,37.6,Europe
2001,Serbia,1442,6724696,21.44334852,44.83333333,20.5,Europe
2001,Slovakia,692,4735718,14.61235656,48.15,17.116667,Europe
2001,Slovenia,581,1794443,32.37773504,46.05,14.516667,Europe
2001,Spain,3189,38713504,8.237435702,40.4,-3.683333,Europe
2001,Sweden,1197,8439317,14.18361225,59.33333333,18.05,Europe
2001,Switzerland,1338,6865842,19.48777732,46.91666667,7.466667,Europe
2001,Ukraine,13131,46805969,28.05411421,50.43333333,30.516667,Europe
2001,United Kingdom,4128,55571993,7.428202188,51.5,-0.083333,Europe
2002,Albania,133,2818839,4.718254572,41.31666667,19.816667,Europe
2002,Armenia,74,2736101,2.704578523,40.16666667,44.5,Europe
2002,Austria,1553,7683162,20.21303208,48.2,16.366667,Europe
2002,Azerbaijan,92,6769400,1.359056933,40.38333333,49.866667,Europe
2002,Belarus,3291,9469234,34.75465914,53.9,27.566667,Europe
2002,Belgium,2076,9758570,21.27360874,50.83333333,4.333333,Europe
2002,Bulgaria,1317,7544410,17.45663345,42.68333333,23.316667,Europe
2002,Croatia,874,3700100,23.62098322,45.8,16,Europe
2002,Czech Republic,1534,9752463,15.72935986,50.08333333,14.466667,Europe
2002,Denmark,688,4365599,15.75957847,55.66666667,12.583333,Europe
2002,Estonia,371,1316690,28.17671586,59.43333333,24.716667,Europe
2002,Finland,1095,4600002,23.80433748,60.16666667,24.933333,Europe
2002,France,10643,55935517,19.0272667,48.86666667,2.333333,Europe
2002,Germany,11176,78633771,14.21272293,52.51666667,13.4,Europe
2002,Greece,323,9369733,3.447270056,37.98333333,23.733333,Europe
2002,Hungary,2839,9680164,29.32801552,47.5,19.083333,Europe
2002,Iceland,30,215019,13.95225538,64.15,-21.95,Europe
2002,Ireland,449,3639573,12.33661201,53.31666667,-6.233333,Europe
2002,Italy,4069,54526842,7.462379721,41.9,12.483333,Europe
2002,Latvia,670,2076167,32.2710071,56.95,24.1,Europe
2002,Lithuania,1551,3274488,47.36618366,54.68333333,25.316667,Europe
2002,Luxembourg,85,328100,25.90673575,49.6,6.116667,Europe
2002,Malta,19,254004,7.480197162,35.88333333,14.5,Europe
2002,Netherlands,1570,15130318,10.37651687,52.35,4.916667,Europe
2002,Norway,494,3945117,12.52180861,59.91666667,10.75,Europe
2002,Poland,5925,36347498,16.30098446,52.25,21,Europe
2002,Portugal,1210,9859832,12.27201437,38.71666667,-9.133333,Europe
2002,Romania,3067,20700580,14.81600999,44.43333333,26.1,Europe
2002,Russia,55024,136590900,40.28379636,55.75,37.6,Europe
2002,Serbia,1446,6727555,21.49369273,44.83333333,20.5,Europe
2002,Slovakia,717,4755763,15.07644515,48.15,17.116667,Europe
2002,Slovenia,540,1796641,30.056088,46.05,14.516667,Europe
2002,Spain,3372,39340611,8.571295448,40.4,-3.683333,Europe
2002,Sweden,1180,8465828,13.93838854,59.33333333,18.05,Europe
2002,Switzerland,1446,6505984,22.22569253,46.91666667,7.466667,Europe
2002,Ukraine,12536,46060017,27.21666386,50.43333333,30.516667,Europe
2002,United Kingdom,4117,55908944,7.363759187,51.5,-0.083333,Europe
2003,Albania,124,2545452,4.871433443,41.31666667,19.816667,Europe
2003,Armenia,59,2232033,2.643330094,40.16666667,44.5,Europe
2003,Austria,1456,7264691,20.04214632,48.2,16.366667,Europe
2003,Azerbaijan,129,7674400,1.680913166,40.38333333,49.866667,Europe
2003,Belarus,3456,9420691,36.68520706,53.9,27.566667,Europe
2003,Belgium,2091,9804122,21.32776398,50.83333333,4.333333,Europe
2003,Bulgaria,1092,7493166,14.57327917,42.68333333,23.316667,Europe
2003,Croatia,865,4225600,20.47046573,45.8,16,Europe
2003,Czech Republic,1719,9748550,17.63339163,50.08333333,14.466667,Europe
2003,Denmark,633,4373056,14.47500329,55.66666667,12.583333,Europe
2003,Estonia,342,1307160,26.1635913,59.43333333,24.716667,Europe
2003,Finland,1075,4929856,21.80591076,60.16666667,24.933333,Europe
2003,France,10871,56360402,19.28836491,48.86666667,2.333333,Europe
2003,Germany,11155,78756461,14.16391729,52.51666667,13.4,Europe
2003,Greece,375,9951164,3.768403375,37.98333333,23.733333,Europe
2003,Hungary,2800,9094931,30.7863798,47.5,19.083333,Europe
2003,Iceland,26,186799,13.91870406,64.15,-21.95,Europe
2003,Ireland,454,3694079,12.28993749,53.31666667,-6.233333,Europe
2003,Italy,4075,54937570,7.417510458,41.9,12.483333,Europe
2003,Latvia,604,2190211,27.57725169,56.95,24.1,Europe
2003,Lithuania,1455,3254127,44.71245283,54.68333333,25.316667,Europe
2003,Luxembourg,48,377871,12.70274776,49.6,6.116667,Europe
2003,Malta,20,283719,7.049228286,35.88333333,14.5,Europe
2003,Netherlands,1502,15203397,9.879371038,52.35,4.916667,Europe
2003,Norway,502,4273124,11.74784537,59.91666667,10.75,Europe
2003,Poland,5836,36353775,16.05335347,52.25,21,Europe
2003,Portugal,1156,8777032,13.17073927,38.71666667,-9.133333,Europe
2003,Romania,2894,20656841,14.0098866,44.43333333,26.1,Europe
2003,Russia,51445,137019868,37.54564995,55.75,37.6,Europe
2003,Serbia,1378,6287477,21.91658117,44.83333333,20.5,Europe
2003,Slovakia,753,4774574,15.77104052,48.15,17.116667,Europe
2003,Slovenia,562,1807588,31.09115573,46.05,14.516667,Europe
2003,Spain,3478,39947556,8.706414981,40.4,-3.683333,Europe
2003,Sweden,1112,8490539,13.0969306,59.33333333,18.05,Europe
2003,Switzerland,1269,6969293,18.20844668,46.91666667,7.466667,Europe
2003,Ukraine,12313,45697383,26.9446502,50.43333333,30.516667,Europe
2003,United Kingdom,3979,56171771,7.083629249,51.5,-0.083333,Europe
2004,Albania,146,2874991,5.078276767,41.31666667,19.816667,Europe
2004,Austria,1422,7319531,19.42747425,48.2,16.366667,Europe
2004,Azerbaijan,108,7681350,1.406002851,40.38333333,49.866667,Europe
2004,Belgium,1987,9848022,20.17664055,50.83333333,4.333333,Europe
2004,Bulgaria,1013,7447563,13.60176477,42.68333333,23.316667,Europe
2004,Croatia,871,4229600,20.59296387,45.8,16,Europe
2004,Cyprus,7,317098,2.207519442,35.16666667,33.366667,Europe
2004,Czech Republic,1583,9746647,16.24148284,50.08333333,14.466667,Europe
2004,Denmark,661,5072927,13.02995292,55.66666667,12.583333,Europe
2004,Estonia,323,1221545,26.44192396,59.43333333,24.716667,Europe
2004,Finland,1064,4944765,21.5177061,60.16666667,24.933333,Europe
2004,France,10804,56813922,19.01646572,48.86666667,2.333333,Europe
2004,Georgia,175,4089850,4.278885534,41.68333333,44.833333,Europe
2004,Germany,10741,78811814,13.6286674,52.51666667,13.4,Europe
2004,Greece,353,10020311,3.52284475,37.98333333,23.733333,Europe
2004,Hungary,2742,9630044,28.47339015,47.5,19.083333,Europe
2004,Iceland,35,217616,16.08337622,64.15,-21.95,Europe
2004,Ireland,464,3484262,13.31702381,53.31666667,-6.233333,Europe
2004,Italy,3986,54988156,7.248833731,41.9,12.483333,Europe
2004,Latvia,563,2043566,27.54988094,56.95,24.1,Europe
2004,Lithuania,1380,3222969,42.81766284,54.68333333,25.316667,Europe
2004,Luxembourg,62,313301,19.78927613,49.6,6.116667,Europe
2004,Malta,24,272666,8.801977511,35.88333333,14.5,Europe
2004,Netherlands,1514,15265861,9.917553946,52.35,4.916667,Europe
2004,Norway,529,3983578,13.27951907,59.91666667,10.75,Europe
2004,Poland,6072,36371596,16.69434577,52.25,21,Europe
2004,Romania,2720,20610767,13.19698583,44.43333333,26.1,Europe
2004,Russia,49096,137071699,35.81775112,55.75,37.6,Europe
2004,Serbia,1345,6693162,20.0951359,44.83333333,20.5,Europe
2004,Slovakia,676,4793912,14.10121838,48.15,17.116667,Europe
2004,Slovenia,512,1907862,26.83632254,46.05,14.516667,Europe
2004,Spain,3508,40555823,8.649805972,40.4,-3.683333,Europe
2004,Sweden,1155,8514314,13.56539118,59.33333333,18.05,Europe
2004,Switzerland,1284,6613044,19.41617204,46.91666667,7.466667,Europe
2004,Ukraine,11256,45322826,24.83516805,50.43333333,30.516667,Europe
2004,United Kingdom,4183,56455011,7.409439704,51.5,-0.083333,Europe
2005,Austria,1399,7827461,17.87297311,48.2,16.366667,Europe
2005,Belgium,2029,9305527,21.80424601,50.83333333,4.333333,Europe
2005,Bulgaria,982,7404051,13.26300967,42.68333333,23.316667,Europe
2005,Croatia,874,3991010,21.89921849,45.8,16,Europe
2005,Cyprus,17,504043,3.37272812,35.16666667,33.366667,Europe
2005,Czech Republic,1565,9761733,16.0319894,50.08333333,14.466667,Europe
2005,Denmark,631,4753304,13.27497673,55.66666667,12.583333,Europe
2005,Estonia,273,1220655,22.36504172,59.43333333,24.716667,Europe
2005,Finland,994,4642377,21.41144504,60.16666667,24.933333,Europe
2005,France,10713,57160687,18.7419021,48.86666667,2.333333,Europe
2005,Georgia,87,3844850,2.262767078,41.68333333,44.833333,Europe
2005,Germany,10270,78851254,13.02452336,52.51666667,13.4,Europe
2005,Greece,400,10060102,3.976102827,37.98333333,23.733333,Europe
2005,Hungary,2619,9077862,28.85040553,47.5,19.083333,Europe
2005,Iceland,33,171867,19.20089371,64.15,-21.95,Europe
2005,Ireland,451,3833357,11.76514475,53.31666667,-6.233333,Europe
2005,Italy,3742,55244690,6.77350167,41.9,12.483333,Europe
2005,Latvia,564,2137831,26.38187958,56.95,24.1,Europe
2005,Lithuania,1319,3174728,41.54686638,54.68333333,25.316667,Europe
2005,Luxembourg,49,352304,13.90844271,49.6,6.116667,Europe
2005,Malta,19,233786,8.127090587,35.88333333,14.5,Europe
2005,Montenegro,118,496691,23.75722532,42.43333333,19.266667,Europe
2005,Netherlands,1574,15320595,10.27375242,52.35,4.916667,Europe
2005,Norway,533,4335092,12.29501012,59.91666667,10.75,Europe
2005,Poland,6045,36371365,16.62021758,52.25,21,Europe
2005,Romania,2603,20569960,12.6543756,44.43333333,26.1,Europe
2005,Russia,45802,136162191,33.63782535,55.75,37.6,Europe
2005,San Marino,1,2940,34.01360544,43.93333333,12.416667,Europe
2005,Serbia,1437,6673499,21.53293197,44.83333333,20.5,Europe
2005,Slovakia,679,4796174,14.15711774,48.15,17.116667,Europe
2005,Slovenia,503,1811262,27.77069248,46.05,14.516667,Europe
2005,Spain,3399,41195479,8.250905397,40.4,-3.683333,Europe
2005,Sweden,1219,8538624,14.27630494,59.33333333,18.05,Europe
2005,Switzerland,1299,6666392,19.48580282,46.91666667,7.466667,Europe
2005,Ukraine,10621,44939270,23.63411778,50.43333333,30.516667,Europe
2005,United Kingdom,4047,56809024,7.123868208,51.5,-0.083333,Europe
2006,Armenia,78,2270235,3.435767663,40.16666667,44.5,Europe
2006,Austria,1297,7428005,17.46094678,48.2,16.366667,Europe
2006,Belgium,1935,9962702,19.42244182,50.83333333,4.333333,Europe
2006,Bulgaria,977,7018268,13.92081351,42.68333333,23.316667,Europe
2006,Croatia,796,4234946,18.79598937,45.8,16,Europe
2006,Cyprus,19,514167,3.695297442,35.16666667,33.366667,Europe
2006,Czech Republic,1400,9292021,15.06669001,50.08333333,14.466667,Europe
2006,Denmark,650,5110460,12.7190116,55.66666667,12.583333,Europe
2006,Estonia,247,1214090,20.34445552,59.43333333,24.716667,Europe
2006,Finland,1062,4979740,21.32641463,60.16666667,24.933333,Europe
2006,France,10423,57824447,18.02524804,48.86666667,2.333333,Europe
2006,Georgia,72,4166500,1.728069123,41.68333333,44.833333,Europe
2006,Germany,9775,78828994,12.40025973,52.51666667,13.4,Europe
2006,Greece,394,10071287,3.912111729,37.98333333,23.733333,Europe
2006,Hungary,2461,9591110,25.65917813,47.5,19.083333,Europe
2006,Iceland,32,200135,15.98920729,64.15,-21.95,Europe
2006,Ireland,452,3937578,11.47913768,53.31666667,-6.233333,Europe
2006,Italy,3700,53488294,6.917401404,41.9,12.483333,Europe
2006,Latvia,487,1899660,25.63616647,56.95,24.1,Europe
2006,Lithuania,1049,3125767,33.55976309,54.68333333,25.316667,Europe
2006,Luxembourg,65,358537,18.12923073,49.6,6.116667,Europe
2006,Malta,26,266619,9.751743124,35.88333333,14.5,Europe
2006,Netherlands,1525,15368697,9.922767037,52.35,4.916667,Europe
2006,Norway,532,4071473,13.06652408,59.91666667,10.75,Europe
2006,Poland,5805,36348232,15.97051543,52.25,21,Europe
2006,Romania,2721,20526561,13.25599549,44.43333333,26.1,Europe
2006,Russia,42614,135357462,31.48256429,55.75,37.6,Europe
2006,Serbia,1443,6652561,21.69089468,44.83333333,20.5,Europe
2006,Slovenia,529,1727055,30.6301768,46.05,14.516667,Europe
2006,Spain,3247,41808848,7.766298655,40.4,-3.683333,Europe
2006,Sweden,1197,8576044,13.95748436,59.33333333,18.05,Europe
2006,Switzerland,1309,7118477,18.3887649,46.91666667,7.466667,Europe
2006,Ukraine,10013,44560034,22.47080871,50.43333333,30.516667,Europe
2006,United Kingdom,4122,57091129,7.220035883,51.5,-0.083333,Europe
2007,Albania,124,2513536,4.933289199,41.31666667,19.816667,Europe
2007,Armenia,71,2324679,3.054185115,40.16666667,44.5,Europe
2007,Austria,1285,7464079,17.21578778,48.2,16.366667,Europe
2007,Azerbaijan,55,7277100,0.755795578,40.38333333,49.866667,Europe
2007,Belarus,2659,9244456,28.7631852,53.9,27.566667,Europe
2007,Belgium,1857,10030266,18.51396563,50.83333333,4.333333,Europe
2007,Bulgaria,902,6963230,12.95375853,42.68333333,23.316667,Europe
2007,Croatia,775,4230855,18.31781047,45.8,16,Europe
2007,Cyprus,19,546571,3.476218094,35.16666667,33.366667,Europe
2007,Czech Republic,1379,9345309,14.75606639,50.08333333,14.466667,Europe
2007,Denmark,581,4798173,12.10877557,55.66666667,12.583333,Europe
2007,Estonia,251,1141545,21.98774468,59.43333333,24.716667,Europe
2007,Finland,995,4701126,21.16514214,60.16666667,24.933333,Europe
2007,France,10127,58167011,17.41021212,48.86666667,2.333333,Europe
2007,Georgia,104,3621350,2.87185718,41.68333333,44.833333,Europe
2007,Germany,9409,78776585,11.9439044,52.51666667,13.4,Europe
2007,Greece,328,10139261,3.234949766,37.98333333,23.733333,Europe
2007,Hungary,2450,9067724,27.01890794,47.5,19.083333,Europe
2007,Iceland,37,245865,15.04890895,64.15,-21.95,Europe
2007,Ireland,458,4026707,11.37405826,53.31666667,-6.233333,Europe
2007,Italy,3757,56583578,6.639735649,41.9,12.483333,Europe
2007,Latvia,453,2093878,21.63449829,56.95,24.1,Europe
2007,Lithuania,1025,3087867,33.19443486,54.68333333,25.316667,Europe
2007,Luxembourg,78,392455,19.87489011,49.6,6.116667,Europe
2007,Malta,26,182847,14.21953874,35.88333333,14.5,Europe
2007,Montenegro,121,499263,24.23572346,42.43333333,19.266667,Europe
2007,Netherlands,1354,15425404,8.777727961,52.35,4.916667,Europe
2007,Norway,485,4117810,11.77810535,59.91666667,10.75,Europe
2007,Poland,5284,36310843,14.55212703,52.25,21,Europe
2007,Portugal,1020,9434283,10.81163243,38.71666667,-9.133333,Europe
2007,Romania,2430,20475026,11.8681168,44.43333333,26.1,Europe
2007,Russia,41149,134778964,30.53072882,55.75,37.6,Europe
2007,Serbia,1353,6238821,21.68678986,44.83333333,20.5,Europe
2007,Slovenia,434,1738354,24.96614614,46.05,14.516667,Europe
2007,Spain,3264,42547327,7.671457246,40.4,-3.683333,Europe
2007,Sweden,1126,8629159,13.0487803,59.33333333,18.05,Europe
2007,Switzerland,1360,7183595,18.93202498,46.91666667,7.466667,Europe
2007,Ukraine,10032,44198672,22.69751453,50.43333333,30.516667,Europe
2007,United Kingdom,3897,57382757,6.791238699,51.5,-0.083333,Europe
2008,Albania,160,2757059,5.803285312,41.31666667,19.816667,Europe
2008,Armenia,63,2963960,2.125534758,40.16666667,44.5,Europe
2008,Austria,1267,7925258,15.98686125,48.2,16.366667,Europe
2008,Belarus,2658,9205746,28.87327111,53.9,27.566667,Europe
2008,Belgium,1999,10100850,19.79041368,50.83333333,4.333333,Europe
2008,Bulgaria,939,7267511,12.92051708,42.68333333,23.316667,Europe
2008,Croatia,793,4225583,18.76664119,45.8,16,Europe
2008,Cyprus,41,564674,7.260826601,35.16666667,33.366667,Europe
2008,Czech Republic,1379,9899594,13.92986419,50.08333333,14.466667,Europe
2008,Denmark,603,5162525,11.68033085,55.66666667,12.583333,Europe
2008,Estonia,242,1264005,19.14549389,59.43333333,24.716667,Europe
2008,Finland,1033,5020096,20.57729573,60.16666667,24.933333,Europe
2008,France,10353,58482967,17.70259023,48.86666667,2.333333,Europe
2008,Germany,9459,78662789,12.02474527,52.51666667,13.4,Europe
2008,Greece,373,9034755,4.128501548,37.98333333,23.733333,Europe
2008,Hungary,2476,9058170,27.33443952,47.5,19.083333,Europe
2008,Iceland,38,220035,17.26997978,64.15,-21.95,Europe
2008,Ireland,506,3808832,13.28491254,53.31666667,-6.233333,Europe
2008,Italy,3904,57009825,6.847942438,41.9,12.483333,Europe
2008,Latvia,527,2067529,25.48936436,56.95,24.1,Europe
2008,Lithuania,1111,2885952,38.49682878,54.68333333,25.316667,Europe
2008,Luxembourg,43,342684,12.54800341,49.6,6.116667,Europe
2008,Malta,14,225109,6.219209361,35.88333333,14.5,Europe
2008,Montenegro,126,549676,22.9225944,42.43333333,19.266667,Europe
2008,Netherlands,1439,14534687,9.900453997,52.35,4.916667,Europe
2008,Norway,505,4172807,12.10216528,59.91666667,10.75,Europe
2008,Poland,5682,36262711,15.66898845,52.25,21,Europe
2008,Portugal,1038,9490456,10.93730375,38.71666667,-9.133333,Europe
2008,Romania,2472,20433803,12.09760122,44.43333333,26.1,Europe
2008,Russia,38211,134385949,28.43377621,55.75,37.6,Europe
2008,Serbia,1289,6222320,20.7157459,44.83333333,20.5,Europe
2008,Slovakia,591,4843078,12.20298331,48.15,17.116667,Europe
2008,Slovenia,408,1757088,23.22023712,46.05,14.516667,Europe
2008,Spain,3457,43199484,8.002410399,40.4,-3.683333,Europe
2008,Sweden,1170,8170173,14.3203822,59.33333333,18.05,Europe
2008,Switzerland,1314,6884102,19.08745687,46.91666667,7.466667,Europe
2008,Ukraine,9454,43856123,21.55685308,50.43333333,30.516667,Europe
2008,United Kingdom,4259,57683372,7.383410249,51.5,-0.083333,Europe
2009,Armenia,53,2321505,2.28300176,40.16666667,44.5,Europe
2009,Austria,1278,7946894,16.08175471,48.2,16.366667,Europe
2009,Belarus,2743,9169969,29.91286012,53.9,27.566667,Europe
2009,Belgium,2013,10173366,19.78696137,50.83333333,4.333333,Europe
2009,Bulgaria,868,6899499,12.58062361,42.68333333,23.316667,Europe
2009,Croatia,790,3989052,19.80420411,45.8,16,Europe
2009,Cyprus,32,533338,5.9999475,35.16666667,33.366667,Europe
2009,Czech Republic,1464,9937407,14.73221334,50.08333333,14.466667,Europe
2009,Denmark,622,5192790,11.97814662,55.66666667,12.583333,Europe
2009,Estonia,269,1133860,23.72426931,59.43333333,24.716667,Europe
2009,Finland,1034,4739319,21.81748053,60.16666667,24.933333,Europe
2009,France,10499,58770727,17.86433576,48.86666667,2.333333,Europe
2009,Georgia,188,4158750,4.520589119,41.68333333,44.833333,Europe
2009,Germany,9579,78448602,12.21054264,52.51666667,13.4,Europe
2009,Greece,391,9664192,4.045863327,37.98333333,23.733333,Europe
2009,Hungary,2460,9534237,25.80175005,47.5,19.083333,Europe
2009,Iceland,36,196308,18.33852925,64.15,-21.95,Europe
2009,Ireland,527,4117667,12.79850945,53.31666667,-6.233333,Europe
2009,Italy,3974,57351830,6.929159889,41.9,12.483333,Europe
2009,Latvia,516,1839230,28.05521876,56.95,24.1,Europe
2009,Lithuania,1138,3016497,37.72587873,54.68333333,25.316667,Europe
2009,Luxembourg,48,380117,12.62769095,49.6,6.116667,Europe
2009,Malta,36,229347,15.696739,35.88333333,14.5,Europe
2009,Montenegro,107,552247,19.37538819,42.43333333,19.266667,Europe
2009,Netherlands,1530,15602176,9.806324451,52.35,4.916667,Europe
2009,Norway,573,4527536,12.65589053,59.91666667,10.75,Europe
2009,Poland,6477,36223402,17.88070596,52.25,21,Europe
2009,Portugal,1025,9510886,10.77712423,38.71666667,-9.133333,Europe
2009,Romania,2586,20390882,12.68213901,44.43333333,26.1,Europe
2009,Russia,37408,134085433,27.89863087,55.75,37.6,Europe
2009,Serbia,1373,6597007,20.81246844,44.83333333,20.5,Europe
2009,Slovakia,601,4584456,13.10951616,48.15,17.116667,Europe
2009,Slovenia,447,1756826,25.44361251,46.05,14.516667,Europe
2009,Spain,3429,43490086,7.884555574,40.4,-3.683333,Europe
2009,Sweden,1242,8755922,14.18468552,59.33333333,18.05,Europe
2009,Switzerland,1105,7364558,15.00429489,46.91666667,7.466667,Europe
2009,Turkey,1050,65962419,1.591815485,39.93333333,32.866667,Europe
2009,Ukraine,9715,43557944,22.30362388,50.43333333,30.516667,Europe
2009,United Kingdom,4246,58013559,7.318978655,51.5,-0.083333,Europe
2010,Albania,96,2495086,3.847562769,41.31666667,19.816667,Europe
2010,Armenia,73,2676225,2.727722819,40.16666667,44.5,Europe
2010,Austria,1264,7968421,15.86261569,48.2,16.366667,Europe
2010,Belarus,2459,8981193,27.37943612,53.9,27.566667,Europe
2010,Belgium,2013,10211171,19.71370375,50.83333333,4.333333,Europe
2010,Bulgaria,859,6843064,12.55285644,42.68333333,23.316667,Europe
2010,Croatia,776,3969430,19.54940634,45.8,16,Europe
2010,Cyprus,38,597609,6.358672644,35.16666667,33.366667,Europe
2010,Czech Republic,1502,9491005,15.82551058,50.08333333,14.466667,Europe
2010,Denmark,563,4545890,12.38481353,55.66666667,12.583333,Europe
2010,Estonia,223,1128615,19.75873083,59.43333333,24.716667,Europe
2010,Finland,954,4775874,19.97540136,60.16666667,24.933333,Europe
2010,France,10379,59056283,17.57476,48.86666667,2.333333,Europe
2010,Georgia,112,3287800,3.406533244,41.68333333,44.833333,Europe
2010,Germany,10030,78349067,12.80168403,52.51666667,13.4,Europe
2010,Greece,377,9682071,3.893795036,37.98333333,23.733333,Europe
2010,Hungary,2489,9514005,26.16143254,47.5,19.083333,Europe
2010,Iceland,46,262829,17.50187384,64.15,-21.95,Europe
2010,Ireland,486,4264857,11.39545828,53.31666667,-6.233333,Europe
2010,Italy,3989,57637843,6.92080028,41.9,12.483333,Europe
2010,Latvia,438,1800136,24.33149495,56.95,24.1,Europe
2010,Lithuania,1018,2949737,34.51155137,54.68333333,25.316667,Europe
2010,Luxembourg,54,419056,12.88610591,49.6,6.116667,Europe
2010,Malta,31,223629,13.86224506,35.88333333,14.5,Europe
2010,Netherlands,1604,15691409,10.22215405,52.35,4.916667,Europe
2010,Norway,548,4283534,12.79317498,59.91666667,10.75,Europe
2010,Poland,6357,36027791,17.64471211,52.25,21,Europe
2010,Portugal,1099,10066628,10.91726048,38.71666667,-9.133333,Europe
2010,Romania,2766,20348649,13.59304001,44.43333333,26.1,Europe
2010,Russia,33356,134865987,24.73270002,55.75,37.6,Europe
2010,Serbia,1207,6189176,19.50178828,44.83333333,20.5,Europe
2010,Slovakia,631,5147562,12.25823021,48.15,17.116667,Europe
2010,Slovenia,414,1855264,22.31488349,46.05,14.516667,Europe
2010,Spain,3158,41433450,7.621861081,40.4,-3.683333,Europe
2010,Sweden,1141,8823125,12.93192605,59.33333333,18.05,Europe
2010,Switzerland,1006,7052331,14.26478706,46.91666667,7.466667,Europe
2010,Turkey,1524,66975131,2.275471473,39.93333333,32.866667,Europe
2010,Ukraine,9089,43296809,20.99230916,50.43333333,30.516667,Europe
2010,United Kingdom,4188,58403529,7.170799559,51.5,-0.083333,Europe
2011,Armenia,67,2072073,3.233476813,40.16666667,44.5,Europe
2011,Austria,1288,7995146,16.10977461,48.2,16.366667,Europe
2011,Belarus,2172,8947320,24.27542549,53.9,27.566667,Europe
2011,Belgium,2088,9757639,21.39861907,50.83333333,4.333333,Europe
2011,Bosnia and Herzegovina,5,1165280,0.429081422,43.86666667,18.416667,Europe
2011,Bulgaria,763,6742451,11.31635958,42.68333333,23.316667,Europe
2011,Croatia,702,3971194,17.6773031,45.8,16,Europe
2011,Cyprus,30,501573,5.981183198,35.16666667,33.366667,Europe
2011,Czech Republic,1590,9448724,16.82766901,50.08333333,14.466667,Europe
2011,Denmark,589,4576015,12.8714613,55.66666667,12.583333,Europe
2011,Estonia,218,1122588,19.419413,59.43333333,24.716667,Europe
2011,Finland,912,4799300,19.00277124,60.16666667,24.933333,Europe
2011,France,10408,59344643,17.53823003,48.86666667,2.333333,Europe
2011,Georgia,99,3950000,2.506329114,41.68333333,44.833333,Europe
2011,Germany,10153,78371140,12.95502401,52.51666667,13.4,Europe
2011,Greece,477,9675142,4.930160198,37.98333333,23.733333,Europe
2011,Hungary,2420,9495011,25.48706895,47.5,19.083333,Europe
2011,Iceland,27,255612,10.56288437,64.15,-21.95,Europe
2011,Ireland,554,3461837,16.00306427,53.31666667,-6.233333,Europe
2011,Italy,4153,56610149,7.33614038,41.9,12.483333,Europe
2011,Latvia,440,1766356,24.91004078,56.95,24.1,Europe
2011,Lithuania,1018,2879805,35.34961569,54.68333333,25.316667,Europe
2011,Luxembourg,55,428348,12.84002727,49.6,6.116667,Europe
2011,Malta,20,164494,12.15849818,35.88333333,14.5,Europe
2011,Netherlands,1650,15772162,10.46147003,52.35,4.916667,Europe
2011,Norway,598,4643300,12.87877156,59.91666667,10.75,Europe
2011,Poland,6113,36008237,16.9766712,52.25,21,Europe
2011,Portugal,1017,9531569,10.66980683,38.71666667,-9.133333,Europe
2011,Romania,2536,20291701,12.49772013,44.43333333,26.1,Europe
2011,Russia,31038,134745874,23.03447154,55.75,37.6,Europe
2011,Serbia,1256,6900027,18.20282732,44.83333333,20.5,Europe
2011,Slovenia,435,1760348,24.71102305,46.05,14.516667,Europe
2011,Spain,3180,43642571,7.286463485,40.4,-3.683333,Europe
2011,Sweden,1112,8884644,12.515977,59.33333333,18.05,Europe
2011,Switzerland,1034,7518040,13.75358471,46.91666667,7.466667,Europe
2011,Turkey,1148,68034357,1.687382744,39.93333333,32.866667,Europe
2011,Ukraine,8973,43074791,20.8312096,50.43333333,30.516667,Europe
2011,United Kingdom,4393,58881852,7.460702833,51.5,-0.083333,Europe
2012,Armenia,79,2647234,2.984246954,40.16666667,44.5,Europe
2012,Austria,1276,8031276,15.88788631,48.2,16.366667,Europe
2012,Belgium,2026,10442637,19.40122979,50.83333333,4.333333,Europe
2012,Bulgaria,872,6649465,13.11383698,42.68333333,23.316667,Europe
2012,Croatia,776,4054296,19.14019105,45.8,16,Europe
2012,Cyprus,36,527818,6.820532835,35.16666667,33.366667,Europe
2012,Czech Republic,1658,9923127,16.70844281,50.08333333,14.466667,Europe
2012,Denmark,661,4946084,13.36410785,55.66666667,12.583333,Europe
2012,Estonia,237,1188301,19.94444169,59.43333333,24.716667,Europe
2012,Finland,873,4523793,19.29796523,60.16666667,24.933333,Europe
2012,France,9743,59638457,16.33677411,48.86666667,2.333333,Europe
2012,Georgia,104,3951800,2.631712131,41.68333333,44.833333,Europe
2012,Germany,9896,78508115,12.60506637,52.51666667,13.4,Europe
2012,Greece,508,9991052,5.084549655,37.98333333,23.733333,Europe
2012,Hungary,2349,8982311,26.15139912,47.5,19.083333,Europe
2012,Iceland,37,243461,15.19750597,64.15,-21.95,Europe
2012,Ireland,542,4220806,12.8411493,53.31666667,-6.233333,Europe
2012,Italy,4257,56795085,7.495366897,41.9,12.483333,Europe
2012,Latvia,444,1839081,24.14249291,56.95,24.1,Europe
2012,Lithuania,927,2696509,34.37778253,54.68333333,25.316667,Europe
2012,Luxembourg,51,440352,11.58164378,49.6,6.116667,Europe
2012,Malta,25,283994,8.80300288,35.88333333,14.5,Europe
2012,Netherlands,1756,15839503,11.08620643,52.35,4.916667,Europe
2012,Norway,515,4706585,10.94211621,59.91666667,10.75,Europe
2012,Poland,6368,36013446,17.68228456,52.25,21,Europe
2012,Portugal,1076,9504422,11.32104614,38.71666667,-9.133333,Europe
2012,Romania,2495,19041594,13.10289464,44.43333333,26.1,Europe
2012,Russia,29643,134668522,22.01182545,55.75,37.6,Europe
2012,Serbia,1243,6524950,19.04995441,44.83333333,20.5,Europe
2012,Slovakia,571,4853744,11.76411447,48.15,17.116667,Europe
2012,Slovenia,440,1850602,23.77604693,46.05,14.516667,Europe
2012,Spain,3539,44318859,7.985313882,40.4,-3.683333,Europe
2012,Sweden,1154,8948909,12.89542669,59.33333333,18.05,Europe
2012,Switzerland,1038,7207955,14.40075583,46.91666667,7.466667,Europe
2012,Turkey,1450,68976439,2.102167089,39.93333333,32.866667,Europe
2012,Ukraine,9058,42915935,21.10637925,50.43333333,30.516667,Europe
2012,United Kingdom,4444,59708630,7.442810193,51.5,-0.083333,Europe
2013,Armenia,67,2376957,2.818729998,40.16666667,44.5,Europe
2013,Austria,1291,8079615,15.97848412,48.2,16.366667,Europe
2013,Belarus,1902,8910240,21.34622636,53.9,27.566667,Europe
2013,Belgium,1895,10526149,18.00278525,50.83333333,4.333333,Europe
2013,Bulgaria,721,6920644,10.4181056,42.68333333,23.316667,Europe
2013,Croatia,692,3839966,18.02099289,45.8,16,Europe
2013,Cyprus,45,559557,8.042076142,35.16666667,33.366667,Europe
2013,Czech Republic,1577,9936780,15.87033224,50.08333333,14.466667,Europe
2013,Denmark,610,5299698,11.51008982,55.66666667,12.583333,Europe
2013,Estonia,218,1178784,18.49363412,59.43333333,24.716667,Europe
2013,Finland,887,5135433,17.27215602,60.16666667,24.933333,Europe
2013,France,9600,59910069,16.0240176,48.86666667,2.333333,Europe
2013,Georgia,157,4192600,3.744693031,41.68333333,44.833333,Europe
2013,Germany,10091,77270988,13.05923512,52.51666667,13.4,Europe
2013,Greece,533,9881997,5.393646649,37.98333333,23.733333,Europe
2013,Hungary,2092,8936200,23.41039816,47.5,19.083333,Europe
2013,Iceland,49,234160,20.92586266,64.15,-21.95,Europe
2013,Ireland,487,3913045,12.44555072,53.31666667,-6.233333,Europe
2013,Italy,4290,57503331,7.460437379,41.9,12.483333,Europe
2013,Latvia,383,1818164,21.06520644,56.95,24.1,Europe
2013,Lithuania,1085,2806627,38.65850361,54.68333333,25.316667,Europe
2013,Luxembourg,40,379263,10.54677097,49.6,6.116667,Europe
2013,Malta,22,230194,9.557156138,35.88333333,14.5,Europe
2013,Netherlands,1856,15899508,11.67331719,52.35,4.916667,Europe
2013,Norway,554,4466394,12.40374226,59.91666667,10.75,Europe
2013,Poland,6218,36023694,17.2608617,52.25,21,Europe
2013,Portugal,1052,8921270,11.79204306,38.71666667,-9.133333,Europe
2013,Romania,2407,19003345,12.66619114,44.43333333,26.1,Europe
2013,Russia,28690,134713962,21.29697588,55.75,37.6,Europe
2013,Serbia,1197,6494707,18.43039263,44.83333333,20.5,Europe
2013,Slovakia,616,4859839,12.67531702,48.15,17.116667,Europe
2013,Slovenia,446,1856782,24.0200519,46.05,14.516667,Europe
2013,Spain,3873,44227625,8.756970332,40.4,-3.683333,Europe
2013,Sweden,1230,9024081,13.6301968,59.33333333,18.05,Europe
2013,Switzerland,1071,7681318,13.94291969,46.91666667,7.466667,Europe
2013,Turkey,1810,69880352,2.590141504,39.93333333,32.866667,Europe
2013,United Kingdom,4824,60091793,8.027718527,51.5,-0.083333,Europe
2014,Armenia,58,2336117,2.482752362,40.16666667,44.5,Europe
2014,Austria,1314,7741757,16.9728913,48.2,16.366667,Europe
2014,Belarus,1741,8906977,19.54647463,53.9,27.566667,Europe
2014,Belgium,1899,9962909,19.06069804,50.83333333,4.333333,Europe
2014,Bosnia and Herzegovina,313,3426277,9.135280072,43.86666667,18.416667,Europe
2014,Bulgaria,724,6564740,11.02861652,42.68333333,23.316667,Europe
2014,Croatia,722,3816578,18.91747005,45.8,16,Europe
2014,Cyprus,44,683572,6.436776228,35.16666667,33.366667,Europe
2014,Czech Republic,1489,9963127,14.94510709,50.08333333,14.466667,Europe
2014,Denmark,629,5339166,11.78086615,55.66666667,12.583333,Europe
2014,Estonia,241,1175733,20.49785113,59.43333333,24.716667,Europe
2014,Finland,789,5159944,15.29086362,60.16666667,24.933333,Europe
2014,France,8881,60275954,14.73390201,48.86666667,2.333333,Europe
2014,Georgia,194,3078500,6.301770343,41.68333333,44.833333,Europe
2014,Germany,10217,77552369,13.17432353,52.51666667,13.4,Europe
2014,Greece,565,9854424,5.733465497,37.98333333,23.733333,Europe
2014,Hungary,1925,8939453,21.53375604,47.5,19.083333,Europe
2014,Iceland,44,260482,16.89176219,64.15,-21.95,Europe
2014,Ireland,486,4009218,12.1220647,53.31666667,-6.233333,Europe
2014,Italy,4147,58100676,7.137610585,41.9,12.483333,Europe
2014,Latvia,382,1697730,22.5006332,56.95,24.1,Europe
2014,Lithuania,930,2781577,33.43427128,54.68333333,25.316667,Europe
2014,Luxembourg,67,494886,13.53847149,49.6,6.116667,Europe
2014,Malta,32,366830,8.723386855,35.88333333,14.5,Europe
2014,Netherlands,1839,15899508,11.56639564,52.35,4.916667,Europe
2014,Norway,548,4827178,11.3523885,59.91666667,10.75,Europe
2014,Poland,5934,36059630,16.45607567,52.25,21,Europe
2014,Portugal,1222,9406504,12.99101133,38.71666667,-9.133333,Europe
2014,Romania,2209,18952235,11.6556174,44.43333333,26.1,Europe
2014,Russia,26541,134713962,19.70174406,55.75,37.6,Europe
2014,Serbia,1134,6107362,18.56775479,44.83333333,20.5,Europe
2014,Slovakia,554,4588597,12.07340719,48.15,17.116667,Europe
2014,Slovenia,388,1858183,20.88061294,46.05,14.516667,Europe
2014,Spain,3911,44172771,8.853870634,40.4,-3.683333,Europe
2014,Sweden,1148,9114524,12.59528199,59.33333333,18.05,Europe
2014,Switzerland,1032,7809621,13.21446969,46.91666667,7.466667,Europe
2014,Turkey,1617,70931420,2.279666754,39.93333333,32.866667,Europe
2014,Ukraine,7968,40464165,19.6914974,50.43333333,30.516667,Europe
2014,United Kingdom,4788,60570482,7.904840513,51.5,-0.083333,Europe
2015,Armenia,74,2418867,3.059283541,40.16666667,44.5,Europe
2015,Austria,1251,8219386,15.22011498,48.2,16.366667,Europe
2015,Belgium,1867,10624356,17.57282983,50.83333333,4.333333,Europe
2015,Croatia,739,4001669,18.46729452,45.8,16,Europe
2015,Cyprus,40,651553,6.13917824,35.16666667,33.366667,Europe
2015,Czech Republic,1387,9989325,13.88482205,50.08333333,14.466667,Europe
2015,Denmark,564,5042577,11.18475732,55.66666667,12.583333,Europe
2015,Estonia,195,1243450,15.68217459,59.43333333,24.716667,Europe
2015,Finland,731,4889189,14.95135492,60.16666667,24.933333,Europe
2015,Georgia,192,3248800,5.909874415,41.68333333,44.833333,Europe
2015,Germany,10088,78136683,12.9107093,52.51666667,13.4,Europe
2015,Greece,529,9253650,5.716663155,37.98333333,23.733333,Europe
2015,Hungary,1868,9389519,19.89452282,47.5,19.083333,Europe
2015,Iceland,40,232464,17.20696538,64.15,-21.95,Europe
2015,Italy,3988,58117697,6.861937423,41.9,12.483333,Europe
2015,Latvia,387,1779452,21.74826857,56.95,24.1,Europe
2015,Lithuania,896,2753926,32.53536951,54.68333333,25.316667,Europe
2015,Luxembourg,64,463650,13.80351558,49.6,6.116667,Europe
2015,Malta,34,338027,10.05836812,35.88333333,14.5,Europe
2015,Netherlands,1873,16057342,11.66444608,52.35,4.916667,Europe
2015,Norway,590,4882909,12.0829612,59.91666667,10.75,Europe
2015,Poland,5420,36086575,15.0194359,52.25,21,Europe
2015,Romania,2228,18863927,11.81090236,44.43333333,26.1,Europe
2015,Russia,25432,137018943,18.56093723,55.75,37.6,Europe
2015,Serbia,1062,6766406,15.69518589,44.83333333,20.5,Europe
2015,Slovenia,422,1859042,22.69986369,46.05,14.516667,Europe
2015,Spain,3604,44186528,8.156332174,40.4,-3.683333,Europe
2015,Sweden,1182,9114524,12.96831299,59.33333333,18.05,Europe
2015,Switzerland,1073,7892502,13.59518186,46.91666667,7.466667,Europe
2015,Turkey,1532,71880464,2.131316236,39.93333333,32.866667,Europe
2015,Ukraine,7574,40345446,18.77287464,50.43333333,30.516667,Europe
2015,United Kingdom,4910,61082942,8.038250679,51.5,-0.083333,Europe
